,E61_WT_500uM,E61_WT_500uM,E61_WT_10uM,E61_WT_10uM,E61_WT_DMSO,E61_WT_DMSO,E61_WT_Control,E61_WT_Control
,time,counts,time,counts,time,counts,time,counts
0,0 days 00:00:00,263,0 days 00:00:00,311,0 days 00:00:00,200,0 days 00:00:00,171
1,0 days 00:10:00,268,0 days 00:10:00,314,0 days 00:10:00,206,0 days 00:10:00,171
2,0 days 00:20:00,276,0 days 00:20:00,330,0 days 00:20:00,219,0 days 00:20:00,186
3,0 days 00:30:00,279,0 days 00:30:00,327,0 days 00:30:00,209,0 days 00:30:00,182
4,0 days 00:40:00,283,0 days 00:40:00,328,0 days 00:40:00,209,0 days 00:40:00,183
5,0 days 00:50:00,290,0 days 00:50:00,328,0 days 00:50:00,217,0 days 00:50:00,184
6,0 days 01:00:00,284,0 days 01:00:00,326,0 days 01:00:00,222,0 days 01:00:00,174
7,0 days 01:10:00,291,0 days 01:10:00,332,0 days 01:10:00,219,0 days 01:10:00,190
8,0 days 01:20:00,288,0 days 01:20:00,330,0 days 01:20:00,214,0 days 01:20:00,188
9,0 days 01:30:00,283,0 days 01:30:00,332,0 days 01:30:00,215,0 days 01:30:00,186
10,0 days 01:40:00,292,0 days 01:40:00,325,0 days 01:40:00,219,0 days 01:40:00,199
11,0 days 01:50:00,292,0 days 01:50:00,325,0 days 01:50:00,217,0 days 01:50:00,200
12,0 days 02:00:00,291,0 days 02:00:00,334,0 days 02:00:00,228,0 days 02:00:00,188
13,0 days 02:10:00,300,0 days 02:10:00,331,0 days 02:10:00,223,0 days 02:10:00,196
14,0 days 02:20:00,298,0 days 02:20:00,328,0 days 02:20:00,229,0 days 02:20:00,199
15,0 days 02:30:00,298,0 days 02:30:00,325,0 days 02:30:00,224,0 days 02:30:00,202
16,0 days 02:40:00,292,0 days 02:40:00,323,0 days 02:40:00,220,0 days 02:40:00,196
17,0 days 02:50:00,298,0 days 02:50:00,338,0 days 02:50:00,223,0 days 02:50:00,194
18,0 days 03:00:00,294,0 days 03:00:00,336,0 days 03:00:00,218,0 days 03:00:00,186
19,0 days 03:10:00,295,0 days 03:10:00,331,0 days 03:10:00,222,0 days 03:10:00,196
20,0 days 03:20:00,294,0 days 03:20:00,327,0 days 03:20:00,222,0 days 03:20:00,187
21,0 days 03:30:00,291,0 days 03:30:00,329,0 days 03:30:00,221,0 days 03:30:00,189
22,0 days 03:40:00,297,0 days 03:40:00,326,0 days 03:40:00,228,0 days 03:40:00,195
23,0 days 03:50:00,289,0 days 03:50:00,333,0 days 03:50:00,227,0 days 03:50:00,188
24,0 days 04:00:00,296,0 days 04:00:00,343,0 days 04:00:00,220,0 days 04:00:00,191
25,0 days 04:10:00,297,0 days 04:10:00,336,0 days 04:10:00,223,0 days 04:10:00,196
26,0 days 04:20:00,297,0 days 04:20:00,351,0 days 04:20:00,223,0 days 04:20:00,194
27,0 days 04:30:00,295,0 days 04:30:00,344,0 days 04:30:00,234,0 days 04:30:00,203
28,0 days 04:40:00,290,0 days 04:40:00,345,0 days 04:40:00,228,0 days 04:40:00,198
29,0 days 04:50:00,292,0 days 04:50:00,341,0 days 04:50:00,229,0 days 04:50:00,196
30,0 days 05:00:00,297,0 days 05:00:00,339,0 days 05:00:00,224,0 days 05:00:00,191
31,0 days 05:10:00,305,0 days 05:10:00,337,0 days 05:10:00,226,0 days 05:10:00,193
32,0 days 05:20:00,296,0 days 05:20:00,341,0 days 05:20:00,223,0 days 05:20:00,187
33,0 days 05:30:00,301,0 days 05:30:00,343,0 days 05:30:00,226,0 days 05:30:00,194
34,0 days 05:40:00,304,0 days 05:40:00,337,0 days 05:40:00,224,0 days 05:40:00,196
35,0 days 05:50:00,304,0 days 05:50:00,345,0 days 05:50:00,236,0 days 05:50:00,197
36,0 days 06:00:00,304,0 days 06:00:00,347,0 days 06:00:00,236,0 days 06:00:00,200
37,0 days 06:10:00,302,0 days 06:10:00,346,0 days 06:10:00,226,0 days 06:10:00,200
38,0 days 06:20:00,308,0 days 06:20:00,341,0 days 06:20:00,225,0 days 06:20:00,198
39,0 days 06:30:00,300,0 days 06:30:00,347,0 days 06:30:00,229,0 days 06:30:00,197
40,0 days 06:40:00,305,0 days 06:40:00,348,0 days 06:40:00,227,0 days 06:40:00,202
41,0 days 06:50:00,303,0 days 06:50:00,335,0 days 06:50:00,225,0 days 06:50:00,204
42,0 days 07:00:00,311,0 days 07:00:00,348,0 days 07:00:00,223,0 days 07:00:00,195
43,0 days 07:10:00,300,0 days 07:10:00,348,0 days 07:10:00,228,0 days 07:10:00,199
44,0 days 07:20:00,301,0 days 07:20:00,341,0 days 07:20:00,221,0 days 07:20:00,206
45,0 days 07:30:00,307,0 days 07:30:00,351,0 days 07:30:00,235,0 days 07:30:00,202
46,0 days 07:40:00,304,0 days 07:40:00,353,0 days 07:40:00,229,0 days 07:40:00,205
47,0 days 07:50:00,303,0 days 07:50:00,348,0 days 07:50:00,232,0 days 07:50:00,207
48,0 days 08:00:00,309,0 days 08:00:00,356,0 days 08:00:00,227,0 days 08:00:00,205
49,0 days 08:10:00,314,0 days 08:10:00,353,0 days 08:10:00,231,0 days 08:10:00,211
50,0 days 08:20:00,308,0 days 08:20:00,344,0 days 08:20:00,229,0 days 08:20:00,209
51,0 days 08:30:00,309,0 days 08:30:00,347,0 days 08:30:00,234,0 days 08:30:00,206
52,0 days 08:40:00,312,0 days 08:40:00,345,0 days 08:40:00,226,0 days 08:40:00,205
53,0 days 08:50:00,308,0 days 08:50:00,358,0 days 08:50:00,227,0 days 08:50:00,198
54,0 days 09:00:00,311,0 days 09:00:00,350,0 days 09:00:00,233,0 days 09:00:00,206
55,0 days 09:10:00,321,0 days 09:10:00,354,0 days 09:10:00,234,0 days 09:10:00,212
56,0 days 09:20:00,315,0 days 09:20:00,355,0 days 09:20:00,228,0 days 09:20:00,210
57,0 days 09:30:00,326,0 days 09:30:00,358,0 days 09:30:00,231,0 days 09:30:00,215
58,0 days 09:40:00,316,0 days 09:40:00,365,0 days 09:40:00,235,0 days 09:40:00,210
59,0 days 09:50:00,321,0 days 09:50:00,361,0 days 09:50:00,231,0 days 09:50:00,219
60,0 days 10:00:00,320,0 days 10:00:00,355,0 days 10:00:00,223,0 days 10:00:00,214
61,0 days 10:10:00,329,0 days 10:10:00,363,0 days 10:10:00,226,0 days 10:10:00,221
62,0 days 10:20:00,327,0 days 10:20:00,375,0 days 10:20:00,226,0 days 10:20:00,220
63,0 days 10:30:00,323,0 days 10:30:00,355,0 days 10:30:00,225,0 days 10:30:00,215
64,0 days 10:40:00,321,0 days 10:40:00,355,0 days 10:40:00,224,0 days 10:40:00,215
65,0 days 10:50:00,330,0 days 10:50:00,364,0 days 10:50:00,238,0 days 10:50:00,210
66,0 days 11:00:00,329,0 days 11:00:00,361,0 days 11:00:00,237,0 days 11:00:00,209
67,0 days 11:10:00,338,0 days 11:10:00,360,0 days 11:10:00,227,0 days 11:10:00,219
68,0 days 11:20:00,329,0 days 11:20:00,354,0 days 11:20:00,242,0 days 11:20:00,219
69,0 days 11:30:00,324,0 days 11:30:00,324,0 days 11:30:00,220,0 days 11:30:00,203
70,0 days 11:40:00,297,0 days 11:40:00,324,0 days 11:40:00,240,0 days 11:40:00,214
71,0 days 11:50:00,309,0 days 11:50:00,328,0 days 11:50:00,218,0 days 11:50:00,200
72,0 days 12:00:00,314,0 days 12:00:00,337,0 days 12:00:00,215,0 days 12:00:00,219
73,0 days 12:10:00,316,0 days 12:10:00,343,0 days 12:10:00,230,0 days 12:10:00,227
74,0 days 12:20:00,317,0 days 12:20:00,359,0 days 12:20:00,222,0 days 12:20:00,226
75,0 days 12:30:00,331,0 days 12:30:00,370,0 days 12:30:00,232,0 days 12:30:00,219
76,0 days 12:40:00,329,0 days 12:40:00,366,0 days 12:40:00,234,0 days 12:40:00,228
77,0 days 12:50:00,323,0 days 12:50:00,378,0 days 12:50:00,235,0 days 12:50:00,228
78,0 days 13:00:00,325,0 days 13:00:00,374,0 days 13:00:00,242,0 days 13:00:00,230
79,0 days 13:10:00,327,0 days 13:10:00,363,0 days 13:10:00,238,0 days 13:10:00,226
80,0 days 13:20:00,331,0 days 13:20:00,367,0 days 13:20:00,247,0 days 13:20:00,233
81,0 days 13:30:00,333,0 days 13:30:00,373,0 days 13:30:00,245,0 days 13:30:00,224
82,0 days 13:40:00,344,0 days 13:40:00,381,0 days 13:40:00,247,0 days 13:40:00,226
83,0 days 13:50:00,333,0 days 13:50:00,368,0 days 13:50:00,245,0 days 13:50:00,222
84,0 days 14:00:00,332,0 days 14:00:00,372,0 days 14:00:00,246,0 days 14:00:00,227
85,0 days 14:10:00,332,0 days 14:10:00,379,0 days 14:10:00,243,0 days 14:10:00,224
86,0 days 14:20:00,334,0 days 14:20:00,358,0 days 14:20:00,244,0 days 14:20:00,219
87,0 days 14:30:00,321,0 days 14:30:00,370,0 days 14:30:00,243,0 days 14:30:00,224
88,0 days 14:40:00,331,0 days 14:40:00,361,0 days 14:40:00,249,0 days 14:40:00,225
89,0 days 14:50:00,332,0 days 14:50:00,368,0 days 14:50:00,254,0 days 14:50:00,226
90,0 days 15:00:00,333,0 days 15:00:00,359,0 days 15:00:00,251,0 days 15:00:00,230
91,0 days 15:10:00,327,0 days 15:10:00,348,0 days 15:10:00,239,0 days 15:10:00,227
92,0 days 15:20:00,337,0 days 15:20:00,368,0 days 15:20:00,247,0 days 15:20:00,236
93,0 days 15:30:00,336,0 days 15:30:00,361,0 days 15:30:00,255,0 days 15:30:00,230
94,0 days 15:40:00,327,0 days 15:40:00,371,0 days 15:40:00,256,0 days 15:40:00,223
95,0 days 15:50:00,341,0 days 15:50:00,373,0 days 15:50:00,243,0 days 15:50:00,216
96,0 days 16:00:00,341,0 days 16:00:00,376,0 days 16:00:00,252,0 days 16:00:00,228
97,0 days 16:10:00,338,0 days 16:10:00,373,0 days 16:10:00,246,0 days 16:10:00,232
98,0 days 16:20:00,342,0 days 16:20:00,378,0 days 16:20:00,247,0 days 16:20:00,221
99,0 days 16:30:00,336,0 days 16:30:00,382,0 days 16:30:00,239,0 days 16:30:00,243
100,0 days 16:40:00,341,0 days 16:40:00,373,0 days 16:40:00,247,0 days 16:40:00,232
101,0 days 16:50:00,344,0 days 16:50:00,383,0 days 16:50:00,251,0 days 16:50:00,234
102,0 days 17:00:00,345,0 days 17:00:00,384,0 days 17:00:00,244,0 days 17:00:00,230
103,0 days 17:10:00,348,0 days 17:10:00,385,0 days 17:10:00,248,0 days 17:10:00,238
104,0 days 17:20:00,347,0 days 17:20:00,386,0 days 17:20:00,242,0 days 17:20:00,229
105,0 days 17:30:00,345,0 days 17:30:00,376,0 days 17:30:00,249,0 days 17:30:00,239
106,0 days 17:40:00,337,0 days 17:40:00,389,0 days 17:40:00,253,0 days 17:40:00,234
107,0 days 17:50:00,332,0 days 17:50:00,379,0 days 17:50:00,238,0 days 17:50:00,228
108,0 days 18:00:00,345,0 days 18:00:00,391,0 days 18:00:00,250,0 days 18:00:00,239
109,0 days 18:10:00,346,0 days 18:10:00,382,0 days 18:10:00,242,0 days 18:10:00,237
110,0 days 18:20:00,345,0 days 18:20:00,389,0 days 18:20:00,245,0 days 18:20:00,228
111,0 days 18:30:00,341,0 days 18:30:00,404,0 days 18:30:00,253,0 days 18:30:00,236
112,0 days 18:40:00,363,0 days 18:40:00,396,0 days 18:40:00,252,0 days 18:40:00,238
113,0 days 18:50:00,339,0 days 18:50:00,411,0 days 18:50:00,250,0 days 18:50:00,245
114,0 days 19:00:00,340,0 days 19:00:00,410,0 days 19:00:00,247,0 days 19:00:00,243
115,0 days 19:10:00,341,0 days 19:10:00,413,0 days 19:10:00,254,0 days 19:10:00,247
116,0 days 19:20:00,349,0 days 19:20:00,405,0 days 19:20:00,250,0 days 19:20:00,237
117,0 days 19:30:00,346,0 days 19:30:00,398,0 days 19:30:00,257,0 days 19:30:00,240
118,0 days 19:40:00,342,0 days 19:40:00,408,0 days 19:40:00,251,0 days 19:40:00,241
119,0 days 19:50:00,352,0 days 19:50:00,413,0 days 19:50:00,256,0 days 19:50:00,247
120,0 days 20:00:00,350,0 days 20:00:00,407,0 days 20:00:00,261,0 days 20:00:00,254
121,0 days 20:10:00,354,0 days 20:10:00,412,0 days 20:10:00,260,0 days 20:10:00,246
122,0 days 20:20:00,348,0 days 20:20:00,416,0 days 20:20:00,260,0 days 20:20:00,239
123,0 days 20:30:00,361,0 days 20:30:00,408,0 days 20:30:00,254,0 days 20:30:00,238
124,0 days 20:40:00,358,0 days 20:40:00,411,0 days 20:40:00,252,0 days 20:40:00,244
125,0 days 20:50:00,352,0 days 20:50:00,412,0 days 20:50:00,256,0 days 20:50:00,234
126,0 days 21:00:00,369,0 days 21:00:00,415,0 days 21:00:00,264,0 days 21:00:00,243
127,0 days 21:10:00,353,0 days 21:10:00,403,0 days 21:10:00,263,0 days 21:10:00,242
128,0 days 21:20:00,361,0 days 21:20:00,413,0 days 21:20:00,268,0 days 21:20:00,239
129,0 days 21:30:00,361,0 days 21:30:00,425,0 days 21:30:00,264,0 days 21:30:00,230
130,0 days 21:40:00,355,0 days 21:40:00,417,0 days 21:40:00,273,0 days 21:40:00,237
131,0 days 21:50:00,363,0 days 21:50:00,416,0 days 21:50:00,266,0 days 21:50:00,235
132,0 days 22:00:00,360,0 days 22:00:00,404,0 days 22:00:00,267,0 days 22:00:00,245
133,0 days 22:10:00,360,0 days 22:10:00,414,0 days 22:10:00,262,0 days 22:10:00,245
134,0 days 22:20:00,364,0 days 22:20:00,418,0 days 22:20:00,267,0 days 22:20:00,245
135,0 days 22:30:00,356,0 days 22:30:00,408,0 days 22:30:00,271,0 days 22:30:00,253
136,0 days 22:40:00,349,0 days 22:40:00,412,0 days 22:40:00,277,0 days 22:40:00,245
137,0 days 22:50:00,351,0 days 22:50:00,419,0 days 22:50:00,281,0 days 22:50:00,244
138,0 days 23:00:00,356,0 days 23:00:00,415,0 days 23:00:00,267,0 days 23:00:00,249
139,0 days 23:10:00,351,0 days 23:10:00,409,0 days 23:10:00,273,0 days 23:10:00,247
140,0 days 23:20:00,359,0 days 23:20:00,412,0 days 23:20:00,281,0 days 23:20:00,246
141,0 days 23:30:00,362,0 days 23:30:00,422,0 days 23:30:00,267,0 days 23:30:00,242
142,0 days 23:40:00,352,0 days 23:40:00,426,0 days 23:40:00,283,0 days 23:40:00,250
143,0 days 23:50:00,364,0 days 23:50:00,417,0 days 23:50:00,278,0 days 23:50:00,259
144,1 days 00:00:00,363,1 days 00:00:00,419,1 days 00:00:00,276,1 days 00:00:00,251
145,1 days 00:10:00,359,1 days 00:10:00,418,1 days 00:10:00,282,1 days 00:10:00,248
146,1 days 00:20:00,367,1 days 00:20:00,427,1 days 00:20:00,283,1 days 00:20:00,242
147,1 days 00:30:00,352,1 days 00:30:00,443,1 days 00:30:00,280,1 days 00:30:00,252
148,1 days 00:40:00,364,1 days 00:40:00,438,1 days 00:40:00,280,1 days 00:40:00,247
149,1 days 00:50:00,360,1 days 00:50:00,426,1 days 00:50:00,281,1 days 00:50:00,247
150,1 days 01:00:00,360,1 days 01:00:00,430,1 days 01:00:00,287,1 days 01:00:00,248
151,1 days 01:10:00,357,1 days 01:10:00,439,1 days 01:10:00,272,1 days 01:10:00,249
152,1 days 01:20:00,361,1 days 01:20:00,434,1 days 01:20:00,280,1 days 01:20:00,248
153,1 days 01:30:00,367,1 days 01:30:00,430,1 days 01:30:00,274,1 days 01:30:00,249
154,1 days 01:40:00,366,1 days 01:40:00,438,1 days 01:40:00,275,1 days 01:40:00,246
155,1 days 01:50:00,363,1 days 01:50:00,439,1 days 01:50:00,284,1 days 01:50:00,254
156,1 days 02:00:00,371,1 days 02:00:00,434,1 days 02:00:00,284,1 days 02:00:00,240
157,1 days 02:10:00,366,1 days 02:10:00,427,1 days 02:10:00,293,1 days 02:10:00,250
158,1 days 02:20:00,368,1 days 02:20:00,448,1 days 02:20:00,282,1 days 02:20:00,247
159,1 days 02:30:00,363,1 days 02:30:00,437,1 days 02:30:00,281,1 days 02:30:00,247
160,1 days 02:40:00,366,1 days 02:40:00,442,1 days 02:40:00,286,1 days 02:40:00,258
161,1 days 02:50:00,362,1 days 02:50:00,436,1 days 02:50:00,282,1 days 02:50:00,245
162,1 days 03:00:00,374,1 days 03:00:00,441,1 days 03:00:00,281,1 days 03:00:00,253
163,1 days 03:10:00,354,1 days 03:10:00,451,1 days 03:10:00,289,1 days 03:10:00,251
164,1 days 03:20:00,360,1 days 03:20:00,449,1 days 03:20:00,275,1 days 03:20:00,250
165,1 days 03:30:00,359,1 days 03:30:00,451,1 days 03:30:00,288,1 days 03:30:00,246
166,1 days 03:40:00,350,1 days 03:40:00,449,1 days 03:40:00,296,1 days 03:40:00,249
167,1 days 03:50:00,365,1 days 03:50:00,460,1 days 03:50:00,302,1 days 03:50:00,266
168,1 days 04:00:00,365,1 days 04:00:00,451,1 days 04:00:00,299,1 days 04:00:00,245
169,1 days 04:10:00,374,1 days 04:10:00,462,1 days 04:10:00,293,1 days 04:10:00,250
170,1 days 04:20:00,376,1 days 04:20:00,456,1 days 04:20:00,286,1 days 04:20:00,254
171,1 days 04:30:00,377,1 days 04:30:00,451,1 days 04:30:00,289,1 days 04:30:00,256
172,1 days 04:40:00,375,1 days 04:40:00,443,1 days 04:40:00,287,1 days 04:40:00,259
173,1 days 04:50:00,382,1 days 04:50:00,436,1 days 04:50:00,288,1 days 04:50:00,253
174,1 days 05:00:00,366,1 days 05:00:00,442,1 days 05:00:00,298,1 days 05:00:00,262
175,1 days 05:10:00,374,1 days 05:10:00,442,1 days 05:10:00,298,1 days 05:10:00,253
176,1 days 05:20:00,389,1 days 05:20:00,450,1 days 05:20:00,302,1 days 05:20:00,269
177,1 days 05:30:00,387,1 days 05:30:00,447,1 days 05:30:00,304,1 days 05:30:00,256
178,1 days 05:40:00,386,1 days 05:40:00,455,1 days 05:40:00,297,1 days 05:40:00,261
179,1 days 05:50:00,381,1 days 05:50:00,448,1 days 05:50:00,298,1 days 05:50:00,246
180,1 days 06:00:00,388,1 days 06:00:00,463,1 days 06:00:00,301,1 days 06:00:00,262
181,1 days 06:10:00,383,1 days 06:10:00,453,1 days 06:10:00,304,1 days 06:10:00,257
182,1 days 06:20:00,383,1 days 06:20:00,465,1 days 06:20:00,306,1 days 06:20:00,247
183,1 days 06:30:00,376,1 days 06:30:00,455,1 days 06:30:00,301,1 days 06:30:00,240
184,1 days 06:40:00,391,1 days 06:40:00,451,1 days 06:40:00,304,1 days 06:40:00,242
185,1 days 06:50:00,375,1 days 06:50:00,464,1 days 06:50:00,313,1 days 06:50:00,254
186,1 days 07:00:00,385,1 days 07:00:00,457,1 days 07:00:00,308,1 days 07:00:00,244
187,1 days 07:10:00,384,1 days 07:10:00,451,1 days 07:10:00,312,1 days 07:10:00,254
188,1 days 07:20:00,380,1 days 07:20:00,449,1 days 07:20:00,317,1 days 07:20:00,247
189,1 days 07:30:00,381,1 days 07:30:00,445,1 days 07:30:00,308,1 days 07:30:00,257
190,1 days 07:40:00,384,1 days 07:40:00,447,1 days 07:40:00,318,1 days 07:40:00,254
191,1 days 07:50:00,382,1 days 07:50:00,461,1 days 07:50:00,314,1 days 07:50:00,247
192,1 days 08:00:00,386,1 days 08:00:00,463,1 days 08:00:00,319,1 days 08:00:00,243
193,1 days 08:10:00,386,1 days 08:10:00,473,1 days 08:10:00,334,1 days 08:10:00,257
194,1 days 08:20:00,379,1 days 08:20:00,468,1 days 08:20:00,328,1 days 08:20:00,248
195,1 days 08:30:00,384,1 days 08:30:00,473,1 days 08:30:00,326,1 days 08:30:00,252
196,1 days 08:40:00,388,1 days 08:40:00,460,1 days 08:40:00,324,1 days 08:40:00,256
197,1 days 08:50:00,386,1 days 08:50:00,475,1 days 08:50:00,330,1 days 08:50:00,254
198,1 days 09:00:00,381,1 days 09:00:00,473,1 days 09:00:00,321,1 days 09:00:00,276
199,1 days 09:10:00,379,1 days 09:10:00,476,1 days 09:10:00,320,1 days 09:10:00,258
200,1 days 09:20:00,383,1 days 09:20:00,485,1 days 09:20:00,318,1 days 09:20:00,258
201,1 days 09:30:00,384,1 days 09:30:00,492,1 days 09:30:00,338,1 days 09:30:00,276
202,1 days 09:40:00,384,1 days 09:40:00,492,1 days 09:40:00,340,1 days 09:40:00,266
203,1 days 09:50:00,383,1 days 09:50:00,487,1 days 09:50:00,334,1 days 09:50:00,268
204,1 days 10:00:00,386,1 days 10:00:00,488,1 days 10:00:00,321,1 days 10:00:00,274
205,1 days 10:10:00,399,1 days 10:10:00,488,1 days 10:10:00,330,1 days 10:10:00,275
206,1 days 10:20:00,392,1 days 10:20:00,479,1 days 10:20:00,332,1 days 10:20:00,273
207,1 days 10:30:00,387,1 days 10:30:00,486,1 days 10:30:00,343,1 days 10:30:00,269
208,1 days 10:40:00,394,1 days 10:40:00,478,1 days 10:40:00,338,1 days 10:40:00,271
209,1 days 10:50:00,392,1 days 10:50:00,496,1 days 10:50:00,340,1 days 10:50:00,274
210,1 days 11:00:00,395,1 days 11:00:00,497,1 days 11:00:00,339,1 days 11:00:00,284
211,1 days 11:10:00,390,1 days 11:10:00,493,1 days 11:10:00,343,1 days 11:10:00,279
212,1 days 11:20:00,392,1 days 11:20:00,507,1 days 11:20:00,342,1 days 11:20:00,281
213,1 days 11:30:00,385,1 days 11:30:00,494,1 days 11:30:00,338,1 days 11:30:00,281
214,1 days 11:40:00,396,1 days 11:40:00,504,1 days 11:40:00,349,1 days 11:40:00,270
215,1 days 11:50:00,392,1 days 11:50:00,509,1 days 11:50:00,339,1 days 11:50:00,279
216,1 days 12:00:00,394,1 days 12:00:00,498,1 days 12:00:00,342,1 days 12:00:00,278
217,1 days 12:10:00,383,1 days 12:10:00,499,1 days 12:10:00,348,1 days 12:10:00,280
218,1 days 12:20:00,397,1 days 12:20:00,504,1 days 12:20:00,341,1 days 12:20:00,284
219,1 days 12:30:00,401,1 days 12:30:00,513,1 days 12:30:00,337,1 days 12:30:00,289
220,1 days 12:40:00,392,1 days 12:40:00,490,1 days 12:40:00,331,1 days 12:40:00,282
221,1 days 12:50:00,380,1 days 12:50:00,499,1 days 12:50:00,347,1 days 12:50:00,274
222,1 days 13:00:00,389,1 days 13:00:00,490,1 days 13:00:00,335,1 days 13:00:00,279
223,1 days 13:10:00,394,1 days 13:10:00,496,1 days 13:10:00,347,1 days 13:10:00,277
224,1 days 13:20:00,403,1 days 13:20:00,504,1 days 13:20:00,338,1 days 13:20:00,273
225,1 days 13:30:00,393,1 days 13:30:00,505,1 days 13:30:00,345,1 days 13:30:00,277
226,1 days 13:40:00,392,1 days 13:40:00,504,1 days 13:40:00,349,1 days 13:40:00,290
227,1 days 13:50:00,400,1 days 13:50:00,517,1 days 13:50:00,350,1 days 13:50:00,285
228,1 days 14:00:00,394,1 days 14:00:00,513,1 days 14:00:00,341,1 days 14:00:00,282
229,1 days 14:10:00,399,1 days 14:10:00,510,1 days 14:10:00,338,1 days 14:10:00,284
230,1 days 14:20:00,396,1 days 14:20:00,522,1 days 14:20:00,342,1 days 14:20:00,281
231,1 days 14:30:00,396,1 days 14:30:00,530,1 days 14:30:00,340,1 days 14:30:00,292
232,1 days 14:40:00,401,1 days 14:40:00,522,1 days 14:40:00,347,1 days 14:40:00,289
233,1 days 14:50:00,389,1 days 14:50:00,521,1 days 14:50:00,349,1 days 14:50:00,285
234,1 days 15:00:00,401,1 days 15:00:00,519,1 days 15:00:00,350,1 days 15:00:00,291
235,1 days 15:10:00,399,1 days 15:10:00,538,1 days 15:10:00,347,1 days 15:10:00,289
236,1 days 15:20:00,395,1 days 15:20:00,538,1 days 15:20:00,358,1 days 15:20:00,304
237,1 days 15:30:00,402,1 days 15:30:00,533,1 days 15:30:00,359,1 days 15:30:00,311
238,1 days 15:40:00,398,1 days 15:40:00,529,1 days 15:40:00,357,1 days 15:40:00,297
239,1 days 15:50:00,393,1 days 15:50:00,537,1 days 15:50:00,339,1 days 15:50:00,300
240,1 days 16:00:00,401,1 days 16:00:00,539,1 days 16:00:00,348,1 days 16:00:00,304
241,1 days 16:10:00,403,1 days 16:10:00,535,1 days 16:10:00,351,1 days 16:10:00,291
242,1 days 16:20:00,402,1 days 16:20:00,539,1 days 16:20:00,355,1 days 16:20:00,290
243,1 days 16:30:00,401,1 days 16:30:00,534,1 days 16:30:00,354,1 days 16:30:00,308
244,1 days 16:40:00,405,1 days 16:40:00,534,1 days 16:40:00,356,1 days 16:40:00,295
245,1 days 16:50:00,393,1 days 16:50:00,531,1 days 16:50:00,362,1 days 16:50:00,305
246,1 days 17:00:00,389,1 days 17:00:00,527,1 days 17:00:00,364,1 days 17:00:00,295
247,1 days 17:10:00,400,1 days 17:10:00,523,1 days 17:10:00,366,1 days 17:10:00,290
248,1 days 17:20:00,385,1 days 17:20:00,537,1 days 17:20:00,364,1 days 17:20:00,293
249,1 days 17:30:00,394,1 days 17:30:00,543,1 days 17:30:00,374,1 days 17:30:00,289
250,1 days 17:40:00,392,1 days 17:40:00,541,1 days 17:40:00,380,1 days 17:40:00,295
251,1 days 17:50:00,389,1 days 17:50:00,556,1 days 17:50:00,375,1 days 17:50:00,296
252,1 days 18:00:00,405,1 days 18:00:00,547,1 days 18:00:00,375,1 days 18:00:00,299
253,1 days 18:10:00,399,1 days 18:10:00,544,1 days 18:10:00,379,1 days 18:10:00,299
254,1 days 18:20:00,394,1 days 18:20:00,551,1 days 18:20:00,383,1 days 18:20:00,302
255,1 days 18:30:00,395,1 days 18:30:00,558,1 days 18:30:00,379,1 days 18:30:00,298
256,1 days 18:40:00,415,1 days 18:40:00,567,1 days 18:40:00,382,1 days 18:40:00,310
257,1 days 18:50:00,399,1 days 18:50:00,571,1 days 18:50:00,382,1 days 18:50:00,294
258,1 days 19:00:00,394,1 days 19:00:00,569,1 days 19:00:00,385,1 days 19:00:00,297
259,1 days 19:10:00,390,1 days 19:10:00,571,1 days 19:10:00,374,1 days 19:10:00,298
260,1 days 19:20:00,400,1 days 19:20:00,569,1 days 19:20:00,379,1 days 19:20:00,293
261,1 days 19:30:00,388,1 days 19:30:00,558,1 days 19:30:00,391,1 days 19:30:00,291
262,1 days 19:40:00,393,1 days 19:40:00,572,1 days 19:40:00,388,1 days 19:40:00,301
263,1 days 19:50:00,400,1 days 19:50:00,566,1 days 19:50:00,378,1 days 19:50:00,294
264,1 days 20:00:00,397,1 days 20:00:00,570,1 days 20:00:00,387,1 days 20:00:00,303
265,1 days 20:10:00,385,1 days 20:10:00,568,1 days 20:10:00,394,1 days 20:10:00,310
266,1 days 20:20:00,389,1 days 20:20:00,558,1 days 20:20:00,395,1 days 20:20:00,301
267,1 days 20:30:00,398,1 days 20:30:00,578,1 days 20:30:00,376,1 days 20:30:00,312
268,1 days 20:40:00,407,1 days 20:40:00,577,1 days 20:40:00,384,1 days 20:40:00,310
269,1 days 20:50:00,399,1 days 20:50:00,573,1 days 20:50:00,380,1 days 20:50:00,314
270,1 days 21:00:00,399,1 days 21:00:00,590,1 days 21:00:00,372,1 days 21:00:00,306
271,1 days 21:10:00,401,1 days 21:10:00,587,1 days 21:10:00,378,1 days 21:10:00,312
272,1 days 21:20:00,397,1 days 21:20:00,577,1 days 21:20:00,392,1 days 21:20:00,301
273,1 days 21:30:00,396,1 days 21:30:00,591,1 days 21:30:00,388,1 days 21:30:00,308
274,1 days 21:40:00,405,1 days 21:40:00,589,1 days 21:40:00,396,1 days 21:40:00,320
275,1 days 21:50:00,406,1 days 21:50:00,586,1 days 21:50:00,394,1 days 21:50:00,329
276,1 days 22:00:00,400,1 days 22:00:00,596,1 days 22:00:00,394,1 days 22:00:00,324
277,1 days 22:10:00,395,1 days 22:10:00,595,1 days 22:10:00,401,1 days 22:10:00,315
278,1 days 22:20:00,403,1 days 22:20:00,581,1 days 22:20:00,397,1 days 22:20:00,309
279,1 days 22:30:00,398,1 days 22:30:00,595,1 days 22:30:00,397,1 days 22:30:00,304
280,1 days 22:40:00,397,1 days 22:40:00,577,1 days 22:40:00,400,1 days 22:40:00,311
281,1 days 22:50:00,409,1 days 22:50:00,582,1 days 22:50:00,396,1 days 22:50:00,316
282,1 days 23:00:00,403,1 days 23:00:00,586,1 days 23:00:00,401,1 days 23:00:00,325
283,1 days 23:10:00,394,1 days 23:10:00,586,1 days 23:10:00,400,1 days 23:10:00,321
284,1 days 23:20:00,393,1 days 23:20:00,581,1 days 23:20:00,408,1 days 23:20:00,318
285,1 days 23:30:00,395,1 days 23:30:00,598,1 days 23:30:00,411,1 days 23:30:00,317
286,1 days 23:40:00,397,1 days 23:40:00,580,1 days 23:40:00,420,1 days 23:40:00,304
287,1 days 23:50:00,410,1 days 23:50:00,581,1 days 23:50:00,409,1 days 23:50:00,316
288,2 days 00:00:00,405,2 days 00:00:00,589,2 days 00:00:00,414,2 days 00:00:00,325
289,2 days 00:10:00,411,2 days 00:10:00,595,2 days 00:10:00,413,2 days 00:10:00,324
290,2 days 00:20:00,400,2 days 00:20:00,586,2 days 00:20:00,414,2 days 00:20:00,325
291,2 days 00:30:00,420,2 days 00:30:00,597,2 days 00:30:00,414,2 days 00:30:00,333
292,2 days 00:40:00,419,2 days 00:40:00,610,2 days 00:40:00,424,2 days 00:40:00,330
293,2 days 00:50:00,408,2 days 00:50:00,608,2 days 00:50:00,423,2 days 00:50:00,342
294,2 days 01:00:00,410,2 days 01:00:00,617,2 days 01:00:00,416,2 days 01:00:00,332
295,2 days 01:10:00,411,2 days 01:10:00,615,2 days 01:10:00,421,2 days 01:10:00,332
296,2 days 01:20:00,412,2 days 01:20:00,604,2 days 01:20:00,418,2 days 01:20:00,332
297,2 days 01:30:00,405,2 days 01:30:00,614,2 days 01:30:00,416,2 days 01:30:00,343
298,2 days 01:40:00,412,2 days 01:40:00,610,2 days 01:40:00,419,2 days 01:40:00,339
299,2 days 01:50:00,416,2 days 01:50:00,622,2 days 01:50:00,430,2 days 01:50:00,327
300,2 days 02:00:00,400,2 days 02:00:00,631,2 days 02:00:00,422,2 days 02:00:00,340
301,2 days 02:10:00,411,2 days 02:10:00,620,2 days 02:10:00,419,2 days 02:10:00,339
302,2 days 02:20:00,408,2 days 02:20:00,618,2 days 02:20:00,414,2 days 02:20:00,332
303,2 days 02:30:00,411,2 days 02:30:00,626,2 days 02:30:00,420,2 days 02:30:00,339
304,2 days 02:40:00,419,2 days 02:40:00,628,2 days 02:40:00,418,2 days 02:40:00,338
305,2 days 02:50:00,418,2 days 02:50:00,631,2 days 02:50:00,430,2 days 02:50:00,351
306,2 days 03:00:00,418,2 days 03:00:00,632,2 days 03:00:00,427,2 days 03:00:00,354
307,2 days 03:10:00,417,2 days 03:10:00,625,2 days 03:10:00,446,2 days 03:10:00,348
308,2 days 03:20:00,417,2 days 03:20:00,639,2 days 03:20:00,433,2 days 03:20:00,344
309,2 days 03:30:00,416,2 days 03:30:00,635,2 days 03:30:00,438,2 days 03:30:00,339
310,2 days 03:40:00,409,2 days 03:40:00,644,2 days 03:40:00,440,2 days 03:40:00,340
311,2 days 03:50:00,417,2 days 03:50:00,639,2 days 03:50:00,434,2 days 03:50:00,342
312,2 days 04:00:00,418,2 days 04:00:00,647,2 days 04:00:00,428,2 days 04:00:00,349
313,2 days 04:10:00,408,2 days 04:10:00,633,2 days 04:10:00,434,2 days 04:10:00,339
314,2 days 04:20:00,409,2 days 04:20:00,647,2 days 04:20:00,439,2 days 04:20:00,352
315,2 days 04:30:00,410,2 days 04:30:00,649,2 days 04:30:00,431,2 days 04:30:00,346
316,2 days 04:40:00,406,2 days 04:40:00,654,2 days 04:40:00,422,2 days 04:40:00,345
317,2 days 04:50:00,420,2 days 04:50:00,657,2 days 04:50:00,432,2 days 04:50:00,345
318,2 days 05:00:00,423,2 days 05:00:00,637,2 days 05:00:00,440,2 days 05:00:00,342
319,2 days 05:10:00,421,2 days 05:10:00,649,2 days 05:10:00,442,2 days 05:10:00,353
320,2 days 05:20:00,427,2 days 05:20:00,654,2 days 05:20:00,441,2 days 05:20:00,344
321,2 days 05:30:00,432,2 days 05:30:00,637,2 days 05:30:00,436,2 days 05:30:00,353
322,2 days 05:40:00,426,2 days 05:40:00,640,2 days 05:40:00,443,2 days 05:40:00,350
323,2 days 05:50:00,419,2 days 05:50:00,643,2 days 05:50:00,448,2 days 05:50:00,350
324,2 days 06:00:00,431,2 days 06:00:00,649,2 days 06:00:00,447,2 days 06:00:00,347
325,2 days 06:10:00,425,2 days 06:10:00,648,2 days 06:10:00,449,2 days 06:10:00,340
326,2 days 06:20:00,424,2 days 06:20:00,661,2 days 06:20:00,450,2 days 06:20:00,353
327,2 days 06:30:00,421,2 days 06:30:00,654,2 days 06:30:00,453,2 days 06:30:00,364
328,2 days 06:40:00,433,2 days 06:40:00,653,2 days 06:40:00,451,2 days 06:40:00,363
329,2 days 06:50:00,426,2 days 06:50:00,660,2 days 06:50:00,457,2 days 06:50:00,373
330,2 days 07:00:00,429,2 days 07:00:00,658,2 days 07:00:00,471,2 days 07:00:00,368
331,2 days 07:10:00,425,2 days 07:10:00,676,2 days 07:10:00,470,2 days 07:10:00,370
332,2 days 07:20:00,435,2 days 07:20:00,674,2 days 07:20:00,477,2 days 07:20:00,367
333,2 days 07:30:00,428,2 days 07:30:00,665,2 days 07:30:00,464,2 days 07:30:00,364
334,2 days 07:40:00,435,2 days 07:40:00,680,2 days 07:40:00,461,2 days 07:40:00,365
335,2 days 07:50:00,438,2 days 07:50:00,695,2 days 07:50:00,456,2 days 07:50:00,361
336,2 days 08:00:00,434,2 days 08:00:00,671,2 days 08:00:00,465,2 days 08:00:00,366
337,2 days 08:10:00,432,2 days 08:10:00,672,2 days 08:10:00,455,2 days 08:10:00,358
338,2 days 08:20:00,433,2 days 08:20:00,676,2 days 08:20:00,467,2 days 08:20:00,364
339,2 days 08:30:00,436,2 days 08:30:00,666,2 days 08:30:00,455,2 days 08:30:00,367
340,2 days 08:40:00,431,2 days 08:40:00,682,2 days 08:40:00,458,2 days 08:40:00,357
341,2 days 08:50:00,437,2 days 08:50:00,675,2 days 08:50:00,460,2 days 08:50:00,368
342,2 days 09:00:00,423,2 days 09:00:00,691,2 days 09:00:00,466,2 days 09:00:00,369
343,2 days 09:10:00,427,2 days 09:10:00,682,2 days 09:10:00,466,2 days 09:10:00,385
344,2 days 09:20:00,423,2 days 09:20:00,692,2 days 09:20:00,468,2 days 09:20:00,382
345,2 days 09:30:00,432,2 days 09:30:00,707,2 days 09:30:00,468,2 days 09:30:00,391
346,2 days 09:40:00,441,2 days 09:40:00,695,2 days 09:40:00,466,2 days 09:40:00,388
347,2 days 09:50:00,432,2 days 09:50:00,709,2 days 09:50:00,466,2 days 09:50:00,392
348,2 days 10:00:00,433,2 days 10:00:00,708,2 days 10:00:00,482,2 days 10:00:00,391
349,2 days 10:10:00,422,2 days 10:10:00,695,2 days 10:10:00,465,2 days 10:10:00,387
350,2 days 10:20:00,434,2 days 10:20:00,706,2 days 10:20:00,465,2 days 10:20:00,391
351,2 days 10:30:00,444,2 days 10:30:00,702,2 days 10:30:00,470,2 days 10:30:00,386
352,2 days 10:40:00,434,2 days 10:40:00,684,2 days 10:40:00,463,2 days 10:40:00,401
353,2 days 10:50:00,429,2 days 10:50:00,696,2 days 10:50:00,473,2 days 10:50:00,390
354,2 days 11:00:00,423,2 days 11:00:00,697,2 days 11:00:00,477,2 days 11:00:00,402
355,2 days 11:10:00,426,2 days 11:10:00,717,2 days 11:10:00,487,2 days 11:10:00,400
356,2 days 11:20:00,430,2 days 11:20:00,716,2 days 11:20:00,484,2 days 11:20:00,406
357,2 days 11:30:00,432,2 days 11:30:00,708,2 days 11:30:00,492,2 days 11:30:00,400
358,2 days 11:40:00,432,2 days 11:40:00,708,2 days 11:40:00,500,2 days 11:40:00,398
359,2 days 11:50:00,426,2 days 11:50:00,712,2 days 11:50:00,493,2 days 11:50:00,407
360,2 days 12:00:00,445,2 days 12:00:00,703,2 days 12:00:00,498,2 days 12:00:00,398
361,2 days 12:10:00,439,2 days 12:10:00,715,2 days 12:10:00,500,2 days 12:10:00,385
362,2 days 12:20:00,411,2 days 12:20:00,719,2 days 12:20:00,510,2 days 12:20:00,395
363,2 days 12:30:00,431,2 days 12:30:00,721,2 days 12:30:00,510,2 days 12:30:00,397
364,2 days 12:40:00,434,2 days 12:40:00,726,2 days 12:40:00,493,2 days 12:40:00,411
365,2 days 12:50:00,433,2 days 12:50:00,723,2 days 12:50:00,485,2 days 12:50:00,403
366,2 days 13:00:00,440,2 days 13:00:00,702,2 days 13:00:00,496,2 days 13:00:00,416
367,2 days 13:10:00,429,2 days 13:10:00,726,2 days 13:10:00,498,2 days 13:10:00,409
368,2 days 13:20:00,436,2 days 13:20:00,707,2 days 13:20:00,486,2 days 13:20:00,411
369,2 days 13:30:00,448,2 days 13:30:00,719,2 days 13:30:00,498,2 days 13:30:00,414
370,2 days 13:40:00,449,2 days 13:40:00,724,2 days 13:40:00,495,2 days 13:40:00,416
371,2 days 13:50:00,426,2 days 13:50:00,721,2 days 13:50:00,506,2 days 13:50:00,409
372,2 days 14:00:00,427,2 days 14:00:00,716,2 days 14:00:00,500,2 days 14:00:00,410
373,2 days 14:10:00,427,2 days 14:10:00,734,2 days 14:10:00,496,2 days 14:10:00,418
374,2 days 14:20:00,428,2 days 14:20:00,735,2 days 14:20:00,500,2 days 14:20:00,420
375,2 days 14:30:00,431,2 days 14:30:00,730,2 days 14:30:00,500,2 days 14:30:00,414
376,2 days 14:40:00,428,2 days 14:40:00,737,2 days 14:40:00,496,2 days 14:40:00,416
377,2 days 14:50:00,440,2 days 14:50:00,723,2 days 14:50:00,509,2 days 14:50:00,414
378,2 days 15:00:00,441,2 days 15:00:00,732,2 days 15:00:00,520,2 days 15:00:00,434
379,2 days 15:10:00,437,2 days 15:10:00,728,2 days 15:10:00,527,2 days 15:10:00,427
380,2 days 15:20:00,434,2 days 15:20:00,746,2 days 15:20:00,513,2 days 15:20:00,415
381,2 days 15:30:00,436,2 days 15:30:00,736,2 days 15:30:00,512,2 days 15:30:00,418
382,2 days 15:40:00,434,2 days 15:40:00,749,2 days 15:40:00,524,2 days 15:40:00,426
383,2 days 15:50:00,440,2 days 15:50:00,736,2 days 15:50:00,518,2 days 15:50:00,429
384,2 days 16:00:00,438,2 days 16:00:00,738,2 days 16:00:00,511,2 days 16:00:00,423
385,2 days 16:10:00,433,2 days 16:10:00,729,2 days 16:10:00,528,2 days 16:10:00,424
386,2 days 16:20:00,448,2 days 16:20:00,748,2 days 16:20:00,525,2 days 16:20:00,428
387,2 days 16:30:00,439,2 days 16:30:00,748,2 days 16:30:00,514,2 days 16:30:00,436
388,2 days 16:40:00,439,2 days 16:40:00,746,2 days 16:40:00,526,2 days 16:40:00,432
389,2 days 16:50:00,440,2 days 16:50:00,736,2 days 16:50:00,526,2 days 16:50:00,436
390,2 days 17:00:00,437,2 days 17:00:00,749,2 days 17:00:00,528,2 days 17:00:00,446
391,2 days 17:10:00,443,2 days 17:10:00,761,2 days 17:10:00,533,2 days 17:10:00,447
392,2 days 17:20:00,429,2 days 17:20:00,758,2 days 17:20:00,526,2 days 17:20:00,438
393,2 days 17:30:00,439,2 days 17:30:00,736,2 days 17:30:00,527,2 days 17:30:00,442
394,2 days 17:40:00,452,2 days 17:40:00,744,2 days 17:40:00,531,2 days 17:40:00,454
395,2 days 17:50:00,441,2 days 17:50:00,745,2 days 17:50:00,533,2 days 17:50:00,460
396,2 days 18:00:00,451,2 days 18:00:00,737,2 days 18:00:00,534,2 days 18:00:00,458
397,2 days 18:10:00,448,2 days 18:10:00,738,2 days 18:10:00,515,2 days 18:10:00,460
398,2 days 18:20:00,443,2 days 18:20:00,736,2 days 18:20:00,525,2 days 18:20:00,464
399,2 days 18:30:00,446,2 days 18:30:00,744,2 days 18:30:00,541,2 days 18:30:00,462
400,2 days 18:40:00,451,2 days 18:40:00,732,2 days 18:40:00,543,2 days 18:40:00,469
401,2 days 18:50:00,453,2 days 18:50:00,751,2 days 18:50:00,544,2 days 18:50:00,480
402,2 days 19:00:00,457,2 days 19:00:00,744,2 days 19:00:00,539,2 days 19:00:00,457
403,2 days 19:10:00,455,2 days 19:10:00,753,2 days 19:10:00,541,2 days 19:10:00,477
404,2 days 19:20:00,445,2 days 19:20:00,740,2 days 19:20:00,545,2 days 19:20:00,477
405,2 days 19:30:00,456,2 days 19:30:00,757,2 days 19:30:00,549,2 days 19:30:00,475
406,2 days 19:40:00,457,2 days 19:40:00,735,2 days 19:40:00,538,2 days 19:40:00,462
407,2 days 19:50:00,448,2 days 19:50:00,718,2 days 19:50:00,536,2 days 19:50:00,463
408,2 days 20:00:00,447,2 days 20:00:00,742,2 days 20:00:00,549,2 days 20:00:00,473
409,2 days 20:10:00,455,2 days 20:10:00,738,2 days 20:10:00,552,2 days 20:10:00,476
410,2 days 20:20:00,454,2 days 20:20:00,736,2 days 20:20:00,565,2 days 20:20:00,468
411,2 days 20:30:00,451,2 days 20:30:00,719,2 days 20:30:00,545,2 days 20:30:00,475
412,2 days 20:40:00,458,2 days 20:40:00,733,2 days 20:40:00,548,2 days 20:40:00,475
413,2 days 20:50:00,459,2 days 20:50:00,737,2 days 20:50:00,554,2 days 20:50:00,483
414,2 days 21:00:00,454,2 days 21:00:00,734,2 days 21:00:00,576,2 days 21:00:00,488
415,2 days 21:10:00,445,2 days 21:10:00,727,2 days 21:10:00,565,2 days 21:10:00,484
416,2 days 21:20:00,452,2 days 21:20:00,738,2 days 21:20:00,577,2 days 21:20:00,487
417,2 days 21:30:00,458,2 days 21:30:00,723,2 days 21:30:00,571,2 days 21:30:00,484
418,2 days 21:40:00,440,2 days 21:40:00,726,2 days 21:40:00,577,2 days 21:40:00,487
419,2 days 21:50:00,458,2 days 21:50:00,742,2 days 21:50:00,572,2 days 21:50:00,484
420,2 days 22:00:00,439,2 days 22:00:00,745,2 days 22:00:00,566,2 days 22:00:00,480
421,2 days 22:10:00,451,2 days 22:10:00,737,2 days 22:10:00,554,2 days 22:10:00,482
422,2 days 22:20:00,452,2 days 22:20:00,761,2 days 22:20:00,566,2 days 22:20:00,473
423,2 days 22:30:00,455,2 days 22:30:00,751,2 days 22:30:00,581,2 days 22:30:00,482
424,2 days 22:40:00,454,2 days 22:40:00,746,2 days 22:40:00,584,2 days 22:40:00,498
425,2 days 22:50:00,457,2 days 22:50:00,741,2 days 22:50:00,585,2 days 22:50:00,500
426,2 days 23:00:00,446,2 days 23:00:00,753,2 days 23:00:00,579,2 days 23:00:00,489
427,2 days 23:10:00,450,2 days 23:10:00,751,2 days 23:10:00,597,2 days 23:10:00,484
428,2 days 23:20:00,445,2 days 23:20:00,771,2 days 23:20:00,572,2 days 23:20:00,491
429,2 days 23:30:00,459,2 days 23:30:00,765,2 days 23:30:00,589,2 days 23:30:00,483
430,2 days 23:40:00,458,2 days 23:40:00,768,2 days 23:40:00,590,2 days 23:40:00,491
431,2 days 23:50:00,451,2 days 23:50:00,769,2 days 23:50:00,588,2 days 23:50:00,493
432,3 days 00:00:00,458,3 days 00:00:00,753,3 days 00:00:00,589,3 days 00:00:00,505
433,3 days 00:10:00,452,3 days 00:10:00,764,3 days 00:10:00,589,3 days 00:10:00,504
434,3 days 00:20:00,454,3 days 00:20:00,744,3 days 00:20:00,591,3 days 00:20:00,503
435,3 days 00:30:00,449,3 days 00:30:00,771,3 days 00:30:00,602,3 days 00:30:00,507
436,3 days 00:40:00,450,3 days 00:40:00,791,3 days 00:40:00,602,3 days 00:40:00,514
437,3 days 00:50:00,462,3 days 00:50:00,793,3 days 00:50:00,590,3 days 00:50:00,515
438,3 days 01:00:00,459,3 days 01:00:00,781,3 days 01:00:00,595,3 days 01:00:00,510
439,3 days 01:10:00,471,3 days 01:10:00,780,3 days 01:10:00,612,3 days 01:10:00,515
440,3 days 01:20:00,460,3 days 01:20:00,781,3 days 01:20:00,619,3 days 01:20:00,521
441,3 days 01:30:00,463,3 days 01:30:00,783,3 days 01:30:00,612,3 days 01:30:00,514
442,3 days 01:40:00,456,3 days 01:40:00,784,3 days 01:40:00,610,3 days 01:40:00,511
443,3 days 01:50:00,468,3 days 01:50:00,775,3 days 01:50:00,610,3 days 01:50:00,515
444,3 days 02:00:00,465,3 days 02:00:00,772,3 days 02:00:00,626,3 days 02:00:00,517
445,3 days 02:10:00,466,3 days 02:10:00,771,3 days 02:10:00,602,3 days 02:10:00,508
446,3 days 02:20:00,457,3 days 02:20:00,775,3 days 02:20:00,620,3 days 02:20:00,515
447,3 days 02:30:00,461,3 days 02:30:00,771,3 days 02:30:00,615,3 days 02:30:00,537
448,3 days 02:40:00,468,3 days 02:40:00,761,3 days 02:40:00,621,3 days 02:40:00,536
449,3 days 02:50:00,466,3 days 02:50:00,762,3 days 02:50:00,626,3 days 02:50:00,524
450,3 days 03:00:00,473,3 days 03:00:00,775,3 days 03:00:00,634,3 days 03:00:00,539
451,3 days 03:10:00,465,3 days 03:10:00,778,3 days 03:10:00,636,3 days 03:10:00,529
452,3 days 03:20:00,459,3 days 03:20:00,790,3 days 03:20:00,643,3 days 03:20:00,546
453,3 days 03:30:00,481,3 days 03:30:00,789,3 days 03:30:00,645,3 days 03:30:00,541
454,3 days 03:40:00,476,3 days 03:40:00,788,3 days 03:40:00,646,3 days 03:40:00,541
455,3 days 03:50:00,462,3 days 03:50:00,786,3 days 03:50:00,629,3 days 03:50:00,546
456,3 days 04:00:00,463,3 days 04:00:00,779,3 days 04:00:00,618,3 days 04:00:00,550
457,3 days 04:10:00,462,3 days 04:10:00,774,3 days 04:10:00,641,3 days 04:10:00,545
458,3 days 04:20:00,464,3 days 04:20:00,767,3 days 04:20:00,644,3 days 04:20:00,543
459,3 days 04:30:00,468,3 days 04:30:00,764,3 days 04:30:00,641,3 days 04:30:00,558
460,3 days 04:40:00,466,3 days 04:40:00,776,3 days 04:40:00,634,3 days 04:40:00,541
461,3 days 04:50:00,463,3 days 04:50:00,791,3 days 04:50:00,627,3 days 04:50:00,566
462,3 days 05:00:00,450,3 days 05:00:00,771,3 days 05:00:00,645,3 days 05:00:00,561
463,3 days 05:10:00,456,3 days 05:10:00,776,3 days 05:10:00,659,3 days 05:10:00,559
464,3 days 05:20:00,454,3 days 05:20:00,793,3 days 05:20:00,643,3 days 05:20:00,548
465,3 days 05:30:00,463,3 days 05:30:00,779,3 days 05:30:00,644,3 days 05:30:00,564
466,3 days 05:40:00,466,3 days 05:40:00,778,3 days 05:40:00,659,3 days 05:40:00,555
467,3 days 05:50:00,452,3 days 05:50:00,776,3 days 05:50:00,646,3 days 05:50:00,563
468,3 days 06:00:00,457,3 days 06:00:00,776,3 days 06:00:00,655,3 days 06:00:00,577
469,3 days 06:10:00,456,3 days 06:10:00,769,3 days 06:10:00,653,3 days 06:10:00,570
470,3 days 06:20:00,460,3 days 06:20:00,773,3 days 06:20:00,650,3 days 06:20:00,555
471,3 days 06:30:00,468,3 days 06:30:00,775,3 days 06:30:00,668,3 days 06:30:00,557
472,3 days 06:40:00,459,3 days 06:40:00,776,3 days 06:40:00,647,3 days 06:40:00,570
473,3 days 06:50:00,471,3 days 06:50:00,785,3 days 06:50:00,652,3 days 06:50:00,586
474,3 days 07:00:00,468,3 days 07:00:00,799,3 days 07:00:00,656,3 days 07:00:00,583
475,3 days 07:10:00,482,3 days 07:10:00,789,3 days 07:10:00,666,3 days 07:10:00,592
476,3 days 07:20:00,468,3 days 07:20:00,794,3 days 07:20:00,668,3 days 07:20:00,576
477,3 days 07:30:00,466,3 days 07:30:00,799,3 days 07:30:00,653,3 days 07:30:00,567
478,3 days 07:40:00,454,3 days 07:40:00,800,3 days 07:40:00,665,3 days 07:40:00,584
479,3 days 07:50:00,457,3 days 07:50:00,808,3 days 07:50:00,679,3 days 07:50:00,568
480,3 days 08:00:00,473,3 days 08:00:00,808,3 days 08:00:00,670,3 days 08:00:00,583
481,3 days 08:10:00,470,3 days 08:10:00,800,3 days 08:10:00,670,3 days 08:10:00,590
482,3 days 08:20:00,466,3 days 08:20:00,804,3 days 08:20:00,685,3 days 08:20:00,591
483,3 days 08:30:00,460,3 days 08:30:00,809,3 days 08:30:00,683,3 days 08:30:00,596
484,3 days 08:40:00,476,3 days 08:40:00,815,3 days 08:40:00,676,3 days 08:40:00,584
485,3 days 08:50:00,472,3 days 08:50:00,794,3 days 08:50:00,674,3 days 08:50:00,579
486,3 days 09:00:00,479,3 days 09:00:00,800,3 days 09:00:00,682,3 days 09:00:00,586
487,3 days 09:10:00,476,3 days 09:10:00,799,3 days 09:10:00,693,3 days 09:10:00,596
488,3 days 09:20:00,464,3 days 09:20:00,803,3 days 09:20:00,677,3 days 09:20:00,585
489,3 days 09:30:00,471,3 days 09:30:00,819,3 days 09:30:00,684,3 days 09:30:00,586
490,3 days 09:40:00,466,3 days 09:40:00,811,3 days 09:40:00,667,3 days 09:40:00,580
491,3 days 09:50:00,476,3 days 09:50:00,803,3 days 09:50:00,689,3 days 09:50:00,605
492,3 days 10:00:00,470,3 days 10:00:00,786,3 days 10:00:00,688,3 days 10:00:00,599
493,3 days 10:10:00,472,3 days 10:10:00,800,3 days 10:10:00,692,3 days 10:10:00,597
494,3 days 10:20:00,469,3 days 10:20:00,794,3 days 10:20:00,695,3 days 10:20:00,602
495,3 days 10:30:00,480,3 days 10:30:00,799,3 days 10:30:00,693,3 days 10:30:00,581
496,3 days 10:40:00,465,3 days 10:40:00,825,3 days 10:40:00,700,3 days 10:40:00,596
497,3 days 10:50:00,469,3 days 10:50:00,831,3 days 10:50:00,712,3 days 10:50:00,608
498,3 days 11:00:00,476,3 days 11:00:00,807,3 days 11:00:00,700,3 days 11:00:00,597
499,3 days 11:10:00,487,3 days 11:10:00,814,3 days 11:10:00,718,3 days 11:10:00,598
500,3 days 11:20:00,472,3 days 11:20:00,807,3 days 11:20:00,721,3 days 11:20:00,599
501,3 days 11:30:00,476,3 days 11:30:00,812,3 days 11:30:00,724,3 days 11:30:00,597
502,3 days 11:40:00,478,3 days 11:40:00,808,3 days 11:40:00,735,3 days 11:40:00,608
503,3 days 11:50:00,477,3 days 11:50:00,813,3 days 11:50:00,704,3 days 11:50:00,621
504,3 days 12:00:00,476,3 days 12:00:00,818,3 days 12:00:00,729,3 days 12:00:00,622
505,3 days 12:10:00,477,3 days 12:10:00,802,3 days 12:10:00,722,3 days 12:10:00,614
506,3 days 12:20:00,470,3 days 12:20:00,801,3 days 12:20:00,705,3 days 12:20:00,620
507,3 days 12:30:00,468,3 days 12:30:00,811,3 days 12:30:00,731,3 days 12:30:00,631
508,3 days 12:40:00,473,3 days 12:40:00,823,3 days 12:40:00,737,3 days 12:40:00,623
509,3 days 12:50:00,476,3 days 12:50:00,813,3 days 12:50:00,737,3 days 12:50:00,626
510,3 days 13:00:00,472,3 days 13:00:00,798,3 days 13:00:00,748,3 days 13:00:00,622
511,3 days 13:10:00,468,3 days 13:10:00,803,3 days 13:10:00,749,3 days 13:10:00,631
512,3 days 13:20:00,481,3 days 13:20:00,791,3 days 13:20:00,735,3 days 13:20:00,634
513,3 days 13:30:00,488,3 days 13:30:00,803,3 days 13:30:00,740,3 days 13:30:00,631
514,3 days 13:40:00,480,3 days 13:40:00,790,3 days 13:40:00,754,3 days 13:40:00,629
515,3 days 13:50:00,472,3 days 13:50:00,795,3 days 13:50:00,761,3 days 13:50:00,636
516,3 days 14:00:00,476,3 days 14:00:00,805,3 days 14:00:00,757,3 days 14:00:00,622
517,3 days 14:10:00,471,3 days 14:10:00,817,3 days 14:10:00,763,3 days 14:10:00,651
518,3 days 14:20:00,478,3 days 14:20:00,810,3 days 14:20:00,760,3 days 14:20:00,645
519,3 days 14:30:00,469,3 days 14:30:00,810,3 days 14:30:00,751,3 days 14:30:00,645
520,3 days 14:40:00,474,3 days 14:40:00,804,3 days 14:40:00,765,3 days 14:40:00,650
521,3 days 14:50:00,475,3 days 14:50:00,806,3 days 14:50:00,764,3 days 14:50:00,641
522,3 days 15:00:00,488,3 days 15:00:00,814,3 days 15:00:00,769,3 days 15:00:00,644
523,3 days 15:10:00,470,3 days 15:10:00,824,3 days 15:10:00,769,3 days 15:10:00,644
524,3 days 15:20:00,476,3 days 15:20:00,829,3 days 15:20:00,772,3 days 15:20:00,652
525,3 days 15:30:00,481,3 days 15:30:00,809,3 days 15:30:00,770,3 days 15:30:00,667
526,3 days 15:40:00,483,3 days 15:40:00,814,3 days 15:40:00,769,3 days 15:40:00,680
527,3 days 15:50:00,491,3 days 15:50:00,810,3 days 15:50:00,778,3 days 15:50:00,677
528,3 days 16:00:00,484,3 days 16:00:00,807,3 days 16:00:00,802,3 days 16:00:00,673
529,3 days 16:10:00,482,3 days 16:10:00,800,3 days 16:10:00,797,3 days 16:10:00,675
530,3 days 16:20:00,482,3 days 16:20:00,809,3 days 16:20:00,784,3 days 16:20:00,696
531,3 days 16:30:00,483,3 days 16:30:00,829,3 days 16:30:00,780,3 days 16:30:00,696
532,3 days 16:40:00,491,3 days 16:40:00,818,3 days 16:40:00,806,3 days 16:40:00,692
533,3 days 16:50:00,490,3 days 16:50:00,818,3 days 16:50:00,794,3 days 16:50:00,704
534,3 days 17:00:00,486,3 days 17:00:00,835,3 days 17:00:00,780,3 days 17:00:00,716
535,3 days 17:10:00,472,3 days 17:10:00,815,3 days 17:10:00,783,3 days 17:10:00,706
536,3 days 17:20:00,479,3 days 17:20:00,833,3 days 17:20:00,793,3 days 17:20:00,707
537,3 days 17:30:00,470,3 days 17:30:00,833,3 days 17:30:00,794,3 days 17:30:00,727
538,3 days 17:40:00,477,3 days 17:40:00,814,3 days 17:40:00,790,3 days 17:40:00,707
539,3 days 17:50:00,493,3 days 17:50:00,826,3 days 17:50:00,797,3 days 17:50:00,731
540,3 days 18:00:00,483,3 days 18:00:00,827,3 days 18:00:00,797,3 days 18:00:00,718
541,3 days 18:10:00,473,3 days 18:10:00,820,3 days 18:10:00,797,3 days 18:10:00,713
542,3 days 18:20:00,489,3 days 18:20:00,830,3 days 18:20:00,802,3 days 18:20:00,720
543,3 days 18:30:00,476,3 days 18:30:00,840,3 days 18:30:00,805,3 days 18:30:00,715
544,3 days 18:40:00,465,3 days 18:40:00,822,3 days 18:40:00,806,3 days 18:40:00,713
545,3 days 18:50:00,474,3 days 18:50:00,837,3 days 18:50:00,801,3 days 18:50:00,716
546,3 days 19:00:00,479,3 days 19:00:00,838,3 days 19:00:00,801,3 days 19:00:00,728
547,3 days 19:10:00,479,3 days 19:10:00,835,3 days 19:10:00,806,3 days 19:10:00,728
548,3 days 19:20:00,481,3 days 19:20:00,825,3 days 19:20:00,818,3 days 19:20:00,716
549,3 days 19:30:00,486,3 days 19:30:00,824,3 days 19:30:00,821,3 days 19:30:00,718
550,3 days 19:40:00,484,3 days 19:40:00,832,3 days 19:40:00,805,3 days 19:40:00,726
551,3 days 19:50:00,473,3 days 19:50:00,809,3 days 19:50:00,821,3 days 19:50:00,740
552,3 days 20:00:00,496,3 days 20:00:00,813,3 days 20:00:00,818,3 days 20:00:00,731
553,3 days 20:10:00,500,3 days 20:10:00,828,3 days 20:10:00,810,3 days 20:10:00,748
554,3 days 20:20:00,487,3 days 20:20:00,830,3 days 20:20:00,829,3 days 20:20:00,746
555,3 days 20:30:00,493,3 days 20:30:00,838,3 days 20:30:00,832,3 days 20:30:00,753
556,3 days 20:40:00,494,3 days 20:40:00,828,3 days 20:40:00,847,3 days 20:40:00,746
557,3 days 20:50:00,488,3 days 20:50:00,834,3 days 20:50:00,840,3 days 20:50:00,755
558,3 days 21:00:00,506,3 days 21:00:00,838,3 days 21:00:00,846,3 days 21:00:00,763
559,3 days 21:10:00,490,3 days 21:10:00,842,3 days 21:10:00,841,3 days 21:10:00,749
560,3 days 21:20:00,490,3 days 21:20:00,834,3 days 21:20:00,847,3 days 21:20:00,754
561,3 days 21:30:00,486,3 days 21:30:00,840,3 days 21:30:00,836,3 days 21:30:00,762
562,3 days 21:40:00,501,3 days 21:40:00,839,3 days 21:40:00,840,3 days 21:40:00,768
563,3 days 21:50:00,487,3 days 21:50:00,836,3 days 21:50:00,856,3 days 21:50:00,757
564,3 days 22:00:00,494,3 days 22:00:00,832,3 days 22:00:00,839,3 days 22:00:00,764
565,3 days 22:10:00,500,3 days 22:10:00,827,3 days 22:10:00,834,3 days 22:10:00,756
566,3 days 22:20:00,491,3 days 22:20:00,824,3 days 22:20:00,848,3 days 22:20:00,758
567,3 days 22:30:00,498,3 days 22:30:00,818,3 days 22:30:00,857,3 days 22:30:00,743
568,3 days 22:40:00,475,3 days 22:40:00,831,3 days 22:40:00,871,3 days 22:40:00,761
569,3 days 22:50:00,501,3 days 22:50:00,816,3 days 22:50:00,875,3 days 22:50:00,756
570,3 days 23:00:00,500,3 days 23:00:00,819,3 days 23:00:00,865,3 days 23:00:00,754
571,3 days 23:10:00,493,3 days 23:10:00,828,3 days 23:10:00,864,3 days 23:10:00,763
572,3 days 23:20:00,494,3 days 23:20:00,819,3 days 23:20:00,867,3 days 23:20:00,764
573,3 days 23:30:00,495,3 days 23:30:00,842,3 days 23:30:00,864,3 days 23:30:00,782
574,3 days 23:40:00,499,3 days 23:40:00,839,3 days 23:40:00,856,3 days 23:40:00,779
575,3 days 23:50:00,498,3 days 23:50:00,857,3 days 23:50:00,888,3 days 23:50:00,806
576,4 days 00:00:00,490,4 days 00:00:00,842,4 days 00:00:00,872,4 days 00:00:00,777
577,4 days 00:10:00,496,4 days 00:10:00,834,4 days 00:10:00,854,4 days 00:10:00,773
578,4 days 00:20:00,490,4 days 00:20:00,846,4 days 00:20:00,877,4 days 00:20:00,778
579,4 days 00:30:00,490,4 days 00:30:00,842,4 days 00:30:00,890,4 days 00:30:00,775
580,4 days 00:40:00,500,4 days 00:40:00,857,4 days 00:40:00,897,4 days 00:40:00,790
581,4 days 00:50:00,484,4 days 00:50:00,841,4 days 00:50:00,888,4 days 00:50:00,787
582,4 days 01:00:00,495,4 days 01:00:00,864,4 days 01:00:00,908,4 days 01:00:00,797
583,4 days 01:10:00,490,4 days 01:10:00,854,4 days 01:10:00,919,4 days 01:10:00,805
584,4 days 01:20:00,489,4 days 01:20:00,846,4 days 01:20:00,923,4 days 01:20:00,810
585,4 days 01:30:00,497,4 days 01:30:00,851,4 days 01:30:00,902,4 days 01:30:00,804
586,4 days 01:40:00,482,4 days 01:40:00,852,4 days 01:40:00,893,4 days 01:40:00,777
587,4 days 01:50:00,473,4 days 01:50:00,840,4 days 01:50:00,897,4 days 01:50:00,797
588,4 days 02:00:00,476,4 days 02:00:00,841,4 days 02:00:00,893,4 days 02:00:00,818
589,4 days 02:10:00,484,4 days 02:10:00,847,4 days 02:10:00,890,4 days 02:10:00,816
590,4 days 02:20:00,485,4 days 02:20:00,854,4 days 02:20:00,910,4 days 02:20:00,801
591,4 days 02:30:00,479,4 days 02:30:00,854,4 days 02:30:00,893,4 days 02:30:00,815
592,4 days 02:40:00,482,4 days 02:40:00,854,4 days 02:40:00,905,4 days 02:40:00,812
593,4 days 02:50:00,481,4 days 02:50:00,856,4 days 02:50:00,914,4 days 02:50:00,806
594,4 days 03:00:00,472,4 days 03:00:00,855,4 days 03:00:00,911,4 days 03:00:00,813
595,4 days 03:10:00,478,4 days 03:10:00,855,4 days 03:10:00,924,4 days 03:10:00,812
596,4 days 03:20:00,489,4 days 03:20:00,849,4 days 03:20:00,912,4 days 03:20:00,816
597,4 days 03:30:00,485,4 days 03:30:00,841,4 days 03:30:00,931,4 days 03:30:00,811
598,4 days 03:40:00,490,4 days 03:40:00,864,4 days 03:40:00,926,4 days 03:40:00,818
599,4 days 03:50:00,478,4 days 03:50:00,858,4 days 03:50:00,916,4 days 03:50:00,819
600,4 days 04:00:00,483,4 days 04:00:00,865,4 days 04:00:00,939,4 days 04:00:00,838
601,4 days 04:10:00,492,4 days 04:10:00,867,4 days 04:10:00,943,4 days 04:10:00,839
602,4 days 04:20:00,482,4 days 04:20:00,862,4 days 04:20:00,933,4 days 04:20:00,839
603,4 days 04:30:00,489,4 days 04:30:00,871,4 days 04:30:00,937,4 days 04:30:00,836
604,4 days 04:40:00,490,4 days 04:40:00,862,4 days 04:40:00,953,4 days 04:40:00,844
605,4 days 04:50:00,492,4 days 04:50:00,878,4 days 04:50:00,962,4 days 04:50:00,861
606,4 days 05:00:00,497,4 days 05:00:00,859,4 days 05:00:00,953,4 days 05:00:00,843
607,4 days 05:10:00,496,4 days 05:10:00,861,4 days 05:10:00,956,4 days 05:10:00,839
608,4 days 05:20:00,482,4 days 05:20:00,864,4 days 05:20:00,962,4 days 05:20:00,865
609,4 days 05:30:00,499,4 days 05:30:00,873,4 days 05:30:00,970,4 days 05:30:00,853
610,4 days 05:40:00,494,4 days 05:40:00,875,4 days 05:40:00,973,4 days 05:40:00,833
611,4 days 05:50:00,508,4 days 05:50:00,872,4 days 05:50:00,964,4 days 05:50:00,853
612,4 days 06:00:00,486,4 days 06:00:00,871,4 days 06:00:00,972,4 days 06:00:00,849
613,4 days 06:10:00,484,4 days 06:10:00,857,4 days 06:10:00,965,4 days 06:10:00,846
614,4 days 06:20:00,483,4 days 06:20:00,873,4 days 06:20:00,977,4 days 06:20:00,835
615,4 days 06:30:00,495,4 days 06:30:00,865,4 days 06:30:00,983,4 days 06:30:00,838
616,4 days 06:40:00,486,4 days 06:40:00,869,4 days 06:40:00,1000,4 days 06:40:00,861
617,4 days 06:50:00,482,4 days 06:50:00,875,4 days 06:50:00,989,4 days 06:50:00,886
618,4 days 07:00:00,482,4 days 07:00:00,873,4 days 07:00:00,983,4 days 07:00:00,870
619,4 days 07:10:00,477,4 days 07:10:00,867,4 days 07:10:00,987,4 days 07:10:00,869
620,4 days 07:20:00,471,4 days 07:20:00,864,4 days 07:20:00,972,4 days 07:20:00,881
621,4 days 07:30:00,489,4 days 07:30:00,870,4 days 07:30:00,997,4 days 07:30:00,882
622,4 days 07:40:00,486,4 days 07:40:00,865,4 days 07:40:00,981,4 days 07:40:00,885
623,4 days 07:50:00,492,4 days 07:50:00,879,4 days 07:50:00,977,4 days 07:50:00,895
624,4 days 08:00:00,497,4 days 08:00:00,875,4 days 08:00:00,999,4 days 08:00:00,878
625,4 days 08:10:00,488,4 days 08:10:00,872,4 days 08:10:00,991,4 days 08:10:00,888
626,4 days 08:20:00,482,4 days 08:20:00,879,4 days 08:20:00,997,4 days 08:20:00,891
627,4 days 08:30:00,488,4 days 08:30:00,881,4 days 08:30:00,994,4 days 08:30:00,907
628,4 days 08:40:00,480,4 days 08:40:00,877,4 days 08:40:00,999,4 days 08:40:00,898
629,4 days 08:50:00,482,4 days 08:50:00,868,4 days 08:50:00,990,4 days 08:50:00,916
630,4 days 09:00:00,480,4 days 09:00:00,873,4 days 09:00:00,1024,4 days 09:00:00,904
631,4 days 09:10:00,487,4 days 09:10:00,871,4 days 09:10:00,1025,4 days 09:10:00,898
632,4 days 09:20:00,460,4 days 09:20:00,880,4 days 09:20:00,1018,4 days 09:20:00,914
633,4 days 09:30:00,469,4 days 09:30:00,863,4 days 09:30:00,1023,4 days 09:30:00,902
634,4 days 09:40:00,484,4 days 09:40:00,860,4 days 09:40:00,1010,4 days 09:40:00,904
635,4 days 09:50:00,479,4 days 09:50:00,861,4 days 09:50:00,1025,4 days 09:50:00,930
636,4 days 10:00:00,477,4 days 10:00:00,897,4 days 10:00:00,1026,4 days 10:00:00,943
637,4 days 10:10:00,480,4 days 10:10:00,897,4 days 10:10:00,1034,4 days 10:10:00,928
638,4 days 10:20:00,474,4 days 10:20:00,881,4 days 10:20:00,1036,4 days 10:20:00,954
639,4 days 10:30:00,477,4 days 10:30:00,900,4 days 10:30:00,1042,4 days 10:30:00,938
640,4 days 10:40:00,479,4 days 10:40:00,895,4 days 10:40:00,1042,4 days 10:40:00,950
641,4 days 10:50:00,482,4 days 10:50:00,874,4 days 10:50:00,1043,4 days 10:50:00,964
642,4 days 11:00:00,479,4 days 11:00:00,872,4 days 11:00:00,1049,4 days 11:00:00,940
643,4 days 11:10:00,487,4 days 11:10:00,897,4 days 11:10:00,1037,4 days 11:10:00,971
644,4 days 11:20:00,498,4 days 11:20:00,904,4 days 11:20:00,1065,4 days 11:20:00,978
645,4 days 11:30:00,495,4 days 11:30:00,931,4 days 11:30:00,1064,4 days 11:30:00,968
646,4 days 11:40:00,491,4 days 11:40:00,884,4 days 11:40:00,1070,4 days 11:40:00,969
647,4 days 11:50:00,483,4 days 11:50:00,873,4 days 11:50:00,1033,4 days 11:50:00,963
648,4 days 12:00:00,488,4 days 12:00:00,903,4 days 12:00:00,1075,4 days 12:00:00,980
649,4 days 12:10:00,500,4 days 12:10:00,906,4 days 12:10:00,1061,4 days 12:10:00,979
650,4 days 12:20:00,471,4 days 12:20:00,913,4 days 12:20:00,1064,4 days 12:20:00,1015
651,4 days 12:30:00,484,4 days 12:30:00,898,4 days 12:30:00,1072,4 days 12:30:00,999
652,4 days 12:40:00,480,4 days 12:40:00,896,4 days 12:40:00,1086,4 days 12:40:00,991
653,4 days 12:50:00,485,4 days 12:50:00,897,4 days 12:50:00,1097,4 days 12:50:00,1004
654,4 days 13:00:00,479,4 days 13:00:00,917,4 days 13:00:00,1090,4 days 13:00:00,998
655,4 days 13:10:00,488,4 days 13:10:00,884,4 days 13:10:00,1078,4 days 13:10:00,990
656,4 days 13:20:00,480,4 days 13:20:00,906,4 days 13:20:00,1098,4 days 13:20:00,1016
657,4 days 13:30:00,477,4 days 13:30:00,902,4 days 13:30:00,1104,4 days 13:30:00,1020
658,4 days 13:40:00,486,4 days 13:40:00,898,4 days 13:40:00,1086,4 days 13:40:00,1009
659,4 days 13:50:00,485,4 days 13:50:00,888,4 days 13:50:00,1101,4 days 13:50:00,996
660,4 days 14:00:00,479,4 days 14:00:00,879,4 days 14:00:00,1087,4 days 14:00:00,1015
661,4 days 14:10:00,476,4 days 14:10:00,891,4 days 14:10:00,1102,4 days 14:10:00,1016
662,4 days 14:20:00,485,4 days 14:20:00,907,4 days 14:20:00,1111,4 days 14:20:00,1013
663,4 days 14:30:00,479,4 days 14:30:00,906,4 days 14:30:00,1104,4 days 14:30:00,1033
664,4 days 14:40:00,485,4 days 14:40:00,906,4 days 14:40:00,1102,4 days 14:40:00,1060
665,4 days 14:50:00,483,4 days 14:50:00,912,4 days 14:50:00,1118,4 days 14:50:00,1050
666,4 days 15:00:00,491,4 days 15:00:00,907,4 days 15:00:00,1126,4 days 15:00:00,1069
667,4 days 15:10:00,493,4 days 15:10:00,905,4 days 15:10:00,1128,4 days 15:10:00,1047
668,4 days 15:20:00,475,4 days 15:20:00,908,4 days 15:20:00,1133,4 days 15:20:00,1037
669,4 days 15:30:00,491,4 days 15:30:00,926,4 days 15:30:00,1129,4 days 15:30:00,1081
670,4 days 15:40:00,489,4 days 15:40:00,921,4 days 15:40:00,1122,4 days 15:40:00,1064
671,4 days 15:50:00,471,4 days 15:50:00,920,4 days 15:50:00,1129,4 days 15:50:00,1083
672,4 days 16:00:00,465,4 days 16:00:00,923,4 days 16:00:00,1133,4 days 16:00:00,1071
673,4 days 16:10:00,483,4 days 16:10:00,914,4 days 16:10:00,1119,4 days 16:10:00,1076
674,4 days 16:20:00,489,4 days 16:20:00,938,4 days 16:20:00,1137,4 days 16:20:00,1094
675,4 days 16:30:00,480,4 days 16:30:00,934,4 days 16:30:00,1139,4 days 16:30:00,1063
676,4 days 16:40:00,482,4 days 16:40:00,922,4 days 16:40:00,1152,4 days 16:40:00,1073
677,4 days 16:50:00,484,4 days 16:50:00,926,4 days 16:50:00,1159,4 days 16:50:00,1089
678,4 days 17:00:00,481,4 days 17:00:00,921,4 days 17:00:00,1161,4 days 17:00:00,1096
679,4 days 17:10:00,483,4 days 17:10:00,919,4 days 17:10:00,1143,4 days 17:10:00,1103
680,4 days 17:20:00,476,4 days 17:20:00,930,4 days 17:20:00,1169,4 days 17:20:00,1101
681,4 days 17:30:00,473,4 days 17:30:00,937,4 days 17:30:00,1161,4 days 17:30:00,1117
682,4 days 17:40:00,483,4 days 17:40:00,925,4 days 17:40:00,1145,4 days 17:40:00,1122
683,4 days 17:50:00,477,4 days 17:50:00,936,4 days 17:50:00,1145,4 days 17:50:00,1105
684,4 days 18:00:00,489,4 days 18:00:00,944,4 days 18:00:00,1173,4 days 18:00:00,1115
685,4 days 18:10:00,473,4 days 18:10:00,936,4 days 18:10:00,1163,4 days 18:10:00,1094
686,4 days 18:20:00,498,4 days 18:20:00,938,4 days 18:20:00,1168,4 days 18:20:00,1121
687,4 days 18:30:00,502,4 days 18:30:00,946,4 days 18:30:00,1166,4 days 18:30:00,1118
688,4 days 18:40:00,491,4 days 18:40:00,910,4 days 18:40:00,1156,4 days 18:40:00,1108
689,4 days 18:50:00,495,4 days 18:50:00,951,4 days 18:50:00,1172,4 days 18:50:00,1131
690,4 days 19:00:00,505,4 days 19:00:00,950,4 days 19:00:00,1168,4 days 19:00:00,1132
691,4 days 19:10:00,501,4 days 19:10:00,935,4 days 19:10:00,1171,4 days 19:10:00,1121
692,4 days 19:20:00,499,4 days 19:20:00,923,4 days 19:20:00,1154,4 days 19:20:00,1142
693,4 days 19:30:00,496,4 days 19:30:00,928,4 days 19:30:00,1169,4 days 19:30:00,1142
694,4 days 19:40:00,496,4 days 19:40:00,921,4 days 19:40:00,1178,4 days 19:40:00,1143
695,4 days 19:50:00,502,4 days 19:50:00,930,4 days 19:50:00,1188,4 days 19:50:00,1142
696,4 days 20:00:00,506,4 days 20:00:00,912,4 days 20:00:00,1198,4 days 20:00:00,1157
697,4 days 20:10:00,489,4 days 20:10:00,926,4 days 20:10:00,1196,4 days 20:10:00,1135
698,4 days 20:20:00,508,4 days 20:20:00,926,4 days 20:20:00,1195,4 days 20:20:00,1137
699,4 days 20:30:00,501,4 days 20:30:00,923,4 days 20:30:00,1167,4 days 20:30:00,1172
700,4 days 20:40:00,501,4 days 20:40:00,929,4 days 20:40:00,1214,4 days 20:40:00,1153
701,4 days 20:50:00,507,4 days 20:50:00,926,4 days 20:50:00,1213,4 days 20:50:00,1141
702,4 days 21:00:00,495,4 days 21:00:00,925,4 days 21:00:00,1210,4 days 21:00:00,1154
703,4 days 21:10:00,490,4 days 21:10:00,925,4 days 21:10:00,1186,4 days 21:10:00,1167
