,02_DMSO alltime,02_DMSO alltime,03_10um alltime,03_10um alltime,04_500um alltime,04_500um alltime,05_Control 30 min removed,05_Control 30 min removed,06_DMSO30 min removed,06_DMSO30 min removed,07_10um 30 min removed,07_10um 30 min removed,08_500um 30 min removal,08_500um 30 min removal,09_Control 2h removal,09_Control 2h removal,10_DMSO 2h removal,10_DMSO 2h removal,11_10um 2h removal,11_10um 2h removal,12_500um 2h removal,12_500um 2h removal,01_Control,01_Control
,counts,time,counts,time,counts,time,counts,time,counts,time,counts,time,counts,time,counts,time,counts,time,counts,time,counts,time,counts,time
0,290,0.007156387770833333,166,0.013694347770833334,171,0.019995505104166665,96,0.0265987504375,123,0.033842835770833336,92,0.042113603770833334,127,0.048453617104166666,104,0.05631885710416667,168,0.06357002777083333,214,0.0710376944375,240,0.0798401344375,213,0.0005312624375
1,337,0.5161709771041667,220,0.5314216677708333,226,0.5471891957708334,116,0.5639332704375,136,0.5802217131041667,156,0.5952265264375,222,0.6102394677708334,134,0.6263888464375,168,0.6429660117708333,185,0.6586780597708334,228,0.6727880011041667,259,0.5004774757708333
2,356,1.0109366064375,224,1.0207481237708333,233,1.0305483904375,120,1.0398824357708334,125,1.0495986037708334,164,1.0604491611041666,241,1.0698416464375,142,1.0795643077705555,169,1.0887523797708334,173,1.0983921584375,233,1.1075009931041666,261,1.0004406037708333
3,329,1.5103078704375,228,1.5199430651041668,227,1.5289386304375,146,1.5378297531041667,130,1.5476564757708333,180,1.5575606304375,258,1.5667573131041668,159,1.5764233744375,182,1.5864811077708334,181,1.5975503824375,219,1.6070005397708333,299,1.5004413904375
4,347,2.0104518304375,230,2.020966547770833,236,2.030530073104167,162,2.0402759984375,138,2.0498074384375,176,2.0595870811041666,263,2.0689591451041665,157,2.0787539584375,202,2.0885838411041666,186,2.0992692277708334,227,2.1098003317708334,337,2.0004257291041667
5,356,2.511124433104167,260,2.5220681824375,250,2.531149203770833,183,2.540755785104167,144,2.5515796384375,183,2.562821241104167,255,2.5724137237708335,175,2.5833203584375,201,2.5934393077705558,201,2.6035169024375,237,2.6133240811041665,342,2.5004206144375
6,359,3.0102770731041666,248,3.0204897051041666,234,3.0305874384375,182,3.0402954437708334,155,3.0516217344375,198,3.0614046384375,267,3.0715037611041667,174,3.0813076011041667,200,3.0911837717708335,197,3.1016285931041665,236,3.111080833104167,350,3.0004127477708336
7,358,3.5103051024375,262,3.5203421744375,238,3.5299800064375,185,3.5400653797708332,159,3.5498962677708334,209,3.5595716357708334,269,3.5708840357708334,173,3.5805852384375,209,3.5903981397708336,213,3.6003877824375,241,3.6105444411041665,343,3.5004074757708334
8,363,4.011180635770834,244,4.022325291770834,250,4.0313388784375,188,4.040922057104167,162,4.051210347770834,209,4.062889907770833,268,4.0724675664375,176,4.0836967024375,225,4.093138939770833,239,4.103194659770834,262,4.1129797504375,361,4.0004046304375
9,355,4.5102309984375,282,4.520962073104167,249,4.5309773024375,193,4.5407310384375,189,4.5506515131041665,209,4.560454937104167,267,4.5698733557708335,171,4.581609755770834,218,4.5915264464375,233,4.602381619770833,266,4.612735849104166,377,4.5004399344375
10,353,5.011206691770833,268,5.0222972144375,254,5.030999651770833,195,5.041199505104166,189,5.0509198384375,205,5.060845449104167,283,5.0708994677708334,168,5.080717057104167,218,5.090489441104166,254,5.100354913104167,274,5.110304833104166,374,5.0004264864375
11,361,5.5100534704375,279,5.5196810944375,267,5.529001769104167,196,5.539650307770834,207,5.5492933824375,213,5.558831003770833,274,5.5683119931041665,171,5.5782262171041666,225,5.588232107770834,243,5.5983053984375,281,5.6074996464375,367,5.5004147744375
12,344,6.010092483770833,290,6.020426193104167,266,6.0294768624375,192,6.038518643770833,202,6.048769643770833,213,6.0586213317708335,291,6.068051105104167,178,6.078199601104167,241,6.089075025104167,250,6.0993229984375,292,6.1090013504375,386,6.000379755770833
13,373,6.510457537104167,281,6.5217275744375,263,6.532386251770833,189,6.541925713104167,201,6.551800457104167,232,6.562677193104166,293,6.5736344171041665,179,6.583972395770833,239,6.594750001104167,244,6.6046359264375,303,6.614440147770833,393,6.5004120277708335
14,377,7.010227715770833,279,7.0198666224375,282,7.0307252331041665,189,7.0401516704375,209,7.0499587424375,225,7.0599945984375,286,7.0699821904375,185,7.079848219770834,231,7.0896023024375,262,7.1001086544375,301,7.111243275770834,411,7.0003493264375
15,385,7.510198385104166,274,7.5207404624375,274,7.531642929104167,195,7.5412467664375,209,7.551099043770833,226,7.5609299691041665,285,7.5701662677708335,171,7.580109379770834,227,7.5904746864375,267,7.6003422784375,297,7.609946601104166,407,7.500359995770833
16,371,8.010089545104167,288,8.020017033104166,285,8.030631129104167,204,8.040683059770833,213,8.050628395770833,244,8.060391785104168,296,8.0711868544375,181,8.0823110944375,247,8.091852187770833,275,8.101373283770833,298,8.1105123584375,395,8.0003320944375
17,380,8.5109254864375,302,8.520574705104167,259,8.5300633744375,197,8.540757811770833,213,8.5506967904375,237,8.560752267770834,296,8.5698380784375,185,8.579491083770833,223,8.5892067984375,278,8.5993054704375,321,8.608994691770834,405,8.500323441104166
18,374,9.010034905104167,289,9.019628049104167,275,9.029413067770834,185,9.040138795770833,209,9.0499411424375,230,9.0599777984375,301,9.0710417584375,186,9.080948761104167,225,9.0905927024375,278,9.100503905104167,309,9.110440179770833,404,9.000334643770833
19,402,9.5100536944375,301,9.520329137104167,267,9.530908819770833,198,9.540281787770834,220,9.549469299770834,232,9.560491905104167,287,9.569665147770833,180,9.579511105104167,242,9.5894150864375,275,9.600121091770834,325,9.609973195770833,414,9.500313779770833
20,386,10.010377521104166,287,10.021432763770834,282,10.030105305104167,201,10.0404348464375,226,10.050910811770834,237,10.060709721104166,308,10.0702237344375,197,10.0804287584375,235,10.090950315770833,281,10.1019741024375,325,10.111541827770834,421,10.0003009664375
21,393,10.511777921103889,273,10.522847539770833,281,10.532520371770833,211,10.542064833104167,234,10.552037113104166,236,10.563647051770833,294,10.572876129104166,175,10.583179211770833,240,10.5929354464375,289,10.6027599824375,343,10.615048299770834,419,10.5002887824375
22,402,11.0101338064375,299,11.0210730064375,301,11.030196107770834,212,11.039967169104166,238,11.050438033104166,235,11.0600332944375,302,11.069573587770833,171,11.080986929104167,257,11.091675745104167,287,11.102156505104167,324,11.112046945104167,429,11.000286179770834
23,406,11.510094467770834,295,11.5205682464375,296,11.5312133824375,201,11.541974393104166,235,11.5516643024375,242,11.561590505104167,304,11.571759835770834,177,11.582908171770834,260,11.592631177104167,281,11.602729849104167,322,11.6126419904375,424,11.500316323770834
24,391,12.010093497104167,301,12.0208498144375,316,12.032043185104166,216,12.0415531664375,242,12.052167713104167,246,12.061873737104166,291,12.071267747770833,188,12.082668099770833,269,12.0925608304375,291,12.102182273104166,333,12.1130596704375,424,12.000296843770833
25,405,12.510111137104166,294,12.519707161104167,309,12.529613641104167,207,12.5394569584375,240,12.549414099770834,257,12.560403267770834,310,12.569639947770833,185,12.580070601104167,263,12.589825379770833,287,12.599619497104166,330,12.609273267770833,423,12.5002687184375
26,400,13.0100151584375,311,13.0207106064375,305,13.031393587770832,219,13.040929819770833,243,13.050686993104167,251,13.061911857104167,305,13.0713024304375,188,13.082165867770833,268,13.0922255424375,296,13.104228507770832,327,13.1133075824375,414,13.000255243770834
27,414,13.510889747770833,300,13.521133489104166,302,13.5311234784375,206,13.540611443770834,250,13.5513401584375,254,13.5616288304375,324,13.5712743344375,201,13.582117633104167,277,13.591789353104167,300,13.601044123770833,332,13.611548217104167,420,13.5002491984375
28,429,14.010038243770833,321,14.019897153104166,316,14.0300550944375,211,14.0406376944375,258,14.050221323770833,259,14.059755577104166,304,14.070348523770834,201,14.080127467770833,296,14.0894893584375,285,14.099342505104167,331,14.1093897184375,415,14.000237737104166
29,422,14.510682761104167,316,14.521760195770833,301,14.531927787770833,219,14.5421428144375,242,14.551611443770833,263,14.560801315770833,315,14.570034419770833,184,14.579685827770833,266,14.5910876384375,307,14.6011440864375,343,14.6117659584375,439,14.5003472144375
30,422,15.0100662624375,326,15.0200228464375,323,15.028690769104166,217,15.037630187770834,262,15.0468794384375,261,15.057342035770834,323,15.0674673744375,186,15.079299643770833,283,15.0892747344375,314,15.098339505104166,340,15.1069922544375,424,15.0002308944375
31,402,15.5103126144375,310,15.520316665104167,321,15.5303190544375,221,15.540162057104167,271,15.5496710304375,263,15.560696657104167,321,15.571463219770834,185,15.5810177504375,283,15.590569851770834,321,15.600572027770834,361,15.6113443904375,429,15.500257105104167
32,423,16.0101429024375,328,16.0202962944375,325,16.0304187824375,218,16.040028107770834,266,16.050819459770832,262,16.0614043504375,323,16.072075633104166,192,16.082988411770835,299,16.092868745104166,334,16.1022795584375,366,16.111373043770833,434,16.00020218510417
33,407,16.509873897104168,335,16.520141665104166,326,16.529620745104168,218,16.538763257104165,271,16.548206121104165,258,16.558345449104166,329,16.568333979770834,194,16.5781384464375,294,16.587627211770833,322,16.597903281104166,362,16.608954115770832,429,16.500205059770835
34,432,17.00980468910417,336,17.0206988544375,311,17.030974401104167,239,17.039808611770834,258,17.049245395770832,263,17.058931283770832,323,17.069270963770833,192,17.079381787770835,291,17.090346961104167,330,17.100104553104167,371,17.109619881104166,439,17.000183697104166
35,427,17.510142395770835,340,17.5206884304375,322,17.530937137104168,223,17.5408439984375,272,17.5507143344375,276,17.5615791584375,342,17.570564099770834,199,17.580196339770833,307,17.591673603770833,344,17.601470291770834,385,17.6114317744375,441,17.500230881104166
36,434,18.010193043770833,360,18.021930691770834,342,18.030615939770833,224,18.0395401504375,274,18.0500603184375,273,18.061054937104167,341,18.073753155770834,202,18.083796859770832,279,18.094365259770832,322,18.103848123770835,403,18.113200499770834,459,18.000164825104168
37,450,18.510098553104168,351,18.520796673104165,336,18.531585977104168,226,18.541156897104166,285,18.5510678544375,264,18.561105691770834,342,18.571595233104166,192,18.58269742510417,296,18.593439435770833,348,18.6033391104375,397,18.613178265104168,444,18.500174537104165
38,435,19.010156249104167,347,19.0198598784375,325,19.029034473104165,214,19.038379177104165,285,19.04813745977083,269,19.05824727577083,332,19.069020467770834,202,19.078766321104165,302,19.088408179770834,348,19.0979244144375,372,19.107462729104167,470,19.000156643770833
39,460,19.510181521104165,356,19.52073127310417,353,19.530291395770835,219,19.540402355770834,289,19.550059875770835,270,19.560663587770833,334,19.5707493744375,210,19.5807530464375,295,19.590476259770835,346,19.600929587770555,381,19.610434883770832,468,19.5001802464375
40,447,20.0099117504375,367,20.021225505104166,339,20.030374337104167,219,20.040131265104165,279,20.05032653443722,273,20.0598904064375,352,20.0696027184375,212,20.0794371824375,285,20.089694537104165,351,20.100492521104165,382,20.110070977104165,467,20.000194057104167
41,445,20.510714683770832,373,20.520571129104166,347,20.5301480224375,230,20.539654985104168,282,20.5495572624375,276,20.5595603424375,333,20.569940475770835,207,20.5795685824375,297,20.5891691584375,352,20.5988279984375,393,20.608425411770835,480,20.5001345504375
42,451,21.009676441104165,370,21.019464377104168,340,21.0292183904375,237,21.040070923770834,281,21.049829865104165,284,21.061337683770834,338,21.0707035664375,223,21.0816845024375,300,21.092032099770833,352,21.10200205177083,386,21.111707489104166,461,21.000127745104166
43,471,21.5097772304375,373,21.5209147344375,343,21.5305578064375,220,21.5402733824375,288,21.550586361104166,283,21.5602450944375,336,21.5695110464375,206,21.579054883770834,295,21.5894650864375,352,21.5992623984375,377,21.6102763584375,484,21.500116345104168
44,471,22.010871201104166,385,22.021703803770833,350,22.0307064864375,230,22.0399454224375,282,22.049492003770833,275,22.059182369104168,341,22.069255483770835,220,22.0795632544375,307,22.089278483770833,362,22.0996222944375,365,22.110785945104166,474,22.000131793104167
45,493,22.509808761104168,366,22.51935506510417,354,22.528776465104166,235,22.538496067770833,304,22.548003203770833,289,22.5576085664375,340,22.567117889104168,226,22.5772704144375,318,22.587174777104167,352,22.596232809104166,394,22.6049800384375,488,22.500093115770834
46,495,23.0099445424375,382,23.021094337104167,348,23.0299553184375,235,23.038855849104166,307,23.048091625104167,288,23.0573653184375,350,23.066441857104167,204,23.0760067344375,324,23.085581129104167,356,23.0962354304375,391,23.106786225104166,492,23.000109385104167
47,471,23.50983882777083,375,23.519187801104167,362,23.527818185104167,246,23.537026635770832,308,23.546266059770833,300,23.5557804144375,364,23.564594171770832,209,23.57410293977083,310,23.583322779770832,355,23.5922255664375,389,23.600726369104166,503,23.500078771770834
48,479,24.009805225104166,375,24.019334755770835,372,24.028264937104165,246,24.037187585104167,296,24.046324123770834,301,24.055811155770833,360,24.0663919824375,203,24.07596949977083,332,24.085158403770834,399,24.094018793104166,391,24.103645305104166,477,24.000072219770832
49,487,24.505289931770832,384,24.5105531584375,352,24.515578673104166,243,24.521055201104165,309,24.5262983904375,303,24.531471651770833,369,24.536577515770833,207,24.5418860544375,340,24.5471509824375,383,24.552472369104166,404,24.557594481104168,493,24.500071323770833
50,481,25.005273987770835,393,25.010531937104165,348,25.015588425104166,239,25.0210218944375,315,25.026264219770834,293,25.0315344944375,362,25.036669731770832,211,25.042122057104166,345,25.0473430624375,371,25.052664099770833,411,25.057800275770834,492,25.0000598944375
51,478,25.505317377104166,378,25.510494561104167,372,25.5156314304375,241,25.521010491770834,333,25.526394379770835,301,25.531580139770835,362,25.536671939770834,214,25.5420382224375,354,25.547125891770833,388,25.552387137104166,410,25.5575779344375,494,25.500049257104166
52,513,26.005255145104165,390,26.0104601744375,353,26.015637115770833,248,26.021019265104165,321,26.0261913504375,296,26.0314672464375,362,26.036538073103888,221,26.041899979770832,335,26.0471214704375,383,26.052380009104166,406,26.057516707770834,485,26.0000362944375
53,497,26.505290755770833,402,26.510547489104166,358,26.515659289104168,256,26.5210158144375,320,26.526170393104167,299,26.5314300784375,360,26.5366384784375,217,26.541975489104168,333,26.5471593744375,388,26.552442635770834,401,26.557476969104165,491,26.500038155770834
54,503,27.0052723424375,384,27.010555257104166,359,27.015686779770835,242,27.021079625104168,311,27.0263564624375,294,27.031605315770832,360,27.036810241104167,217,27.042137009104167,340,27.047351067770833,389,27.0526787744375,401,27.0577955744375,525,27.000018665104168
55,508,27.505273577104166,377,27.510529371770833,358,27.515765793104165,230,27.521214785104167,315,27.526408393104166,298,27.5315942224375,381,27.536751299770835,207,27.542094459770833,348,27.547271121104167,396,27.5525960144375,410,27.557697051770834,525,27.500056289104165
56,517,28.005255579770832,395,28.010509673104167,358,28.0157034864375,239,28.0210652224375,314,28.026311571770833,305,28.031516187770833,359,28.0366525024375,215,28.041983643770834,346,28.047194857104166,396,28.052436729104166,412,28.057475611770833,534,27.999999921104166
57,495,28.505158443770835,406,28.510456427770833,374,28.515503505104167,243,28.520919441104166,317,28.526127425104168,307,28.531332523770832,355,28.536484219770834,215,28.5417674464375,344,28.547015499770833,387,28.552342475770832,423,28.557414971770832,553,28.500027371770834
58,509,29.005135891770834,419,29.0104231104375,354,29.0155379664375,244,29.020945465104166,316,29.026176155770834,331,29.031465945104166,360,29.036440627770833,219,29.0418280544375,361,29.046976835770835,408,29.0522992304375,400,29.057358875770834,532,28.9999794384375
59,518,29.505244315770835,411,29.5104619504375,359,29.515600313104166,252,29.5210135104375,318,29.5261702384375,317,29.531486659770835,353,29.536640995770835,214,29.5421214464375,355,29.547210155770834,397,29.5525224464375,407,29.557659177104167,517,29.500000603770832
60,514,30.00521241977083,408,30.010432659770835,350,30.0155211264375,240,30.020873137104168,328,30.0261124064375,312,30.0314043824375,363,30.036470035770833,223,30.04178433977083,359,30.046922043770834,419,30.0520913104375,418,30.0572471424375,555,29.999967841104166
61,530,30.505093475770835,424,30.5104607664375,357,30.51545152377083,250,30.520814369104166,323,30.526097107770834,320,30.531362417104166,376,30.5365010944375,213,30.541957969104168,376,30.547050427770834,430,30.5523907744375,413,30.55744021177083,559,30.4999573344375
62,548,31.005150499770835,408,31.010417753104168,370,31.0155083744375,262,31.020901254437224,343,31.026157499770832,315,31.031404755770833,377,31.036529091770834,214,31.041933427770832,392,31.0470475904375,429,31.052310297104167,409,31.0573659504375,546,30.999941753104167
63,532,31.505154019770835,416,31.510402209104168,365,31.515566649104166,249,31.521039393104168,328,31.526244595770834,325,31.5315035184375,386,31.536641185104166,218,31.541950003770832,380,31.5470925664375,431,31.552381001104166,417,31.557470371770833,562,31.499945793104168
64,523,32.00520721977083,420,32.0104263824375,345,32.0156543984375,249,32.021083635770836,341,32.02632866510417,329,32.0315451904375,398,32.03670448910417,220,32.0419717104375,389,32.0471393424375,425,32.0524423264375,440,32.0574609664375,549,31.999934689104165
65,541,32.505150273104164,427,32.510423219770836,354,32.515546235770834,239,32.520975993104166,342,32.52621279577083,318,32.531411401104165,381,32.53644049177083,209,32.541792297104166,393,32.54698107577083,425,32.55216225177083,429,32.5572764144375,559,32.499932257103886
66,561,33.00511548110417,423,33.0104057904375,353,33.0155897104375,266,33.021043737104165,355,33.0262403664375,332,33.0314736944375,381,33.03654344377083,210,33.041941777104164,403,33.0470733344375,427,33.052296003770834,430,33.05744162510417,573,32.99991187310417
67,583,33.5050970784375,435,33.5103510704375,356,33.51550852910417,256,33.52091168910417,353,33.5261668224375,333,33.531459355770835,379,33.536536883770836,222,33.54178646510417,404,33.5469955584375,433,33.552230067770836,432,33.557385619770834,578,33.4999056944375
68,591,34.00513506777083,423,34.01040089710417,371,34.0155531504375,262,34.0209591904375,363,34.026206651770835,342,34.0314220304375,383,34.0365378224375,226,34.0418696624375,405,34.0470406304375,446,34.0523233344375,438,34.05738933710417,545,33.999902363770836
69,548,34.5050827744375,452,34.510319681104164,361,34.515439641104166,270,34.52082057710417,349,34.52612939310416,341,34.5314416144375,377,34.536588067770836,220,34.5419370224375,401,34.5471637904375,458,34.55251073177083,428,34.557628851770836,594,34.499888057104165
70,561,35.005039753104164,447,35.01032592910417,380,35.0152907824375,271,35.0207481424375,356,35.025964667770836,352,35.03134765177084,370,35.036549419770836,232,35.04193858510417,398,35.04714180910417,465,35.05242746510417,423,35.05751825977083,577,34.999871595770834
71,568,35.50508804910417,451,35.510296865104166,346,35.5154019984375,272,35.520770675770834,376,35.52605622777083,350,35.53135344910417,368,35.53655483310417,233,35.5419543104375,378,35.54710572910417,439,35.55233805177083,420,35.5574238464375,582,35.49987218510417
72,588,36.0051126944375,451,36.01039258777083,357,36.015445809104165,277,36.02084796110417,370,36.02611486777055,331,36.0313579904375,381,36.0364565264375,247,36.0418736064375,401,36.0470801664375,461,36.05227345977083,412,36.05745244910417,578,35.9998617264375
73,606,36.50501592110417,457,36.51023893710417,364,36.5154015024375,275,36.5207568464375,375,36.5259768784375,342,36.5312198944375,385,36.53645489177083,249,36.5417766944375,395,36.546908043770834,462,36.552302035770836,418,36.55747734510417,585,36.49988897977083
74,600,37.0050166464375,449,37.01022830777083,360,37.0152659424375,289,37.02069475843722,372,37.02593680377083,342,37.03113620910417,395,37.036241203770835,254,37.041525403770834,385,37.046674459770834,456,37.0518457424375,422,37.0571608064375,593,36.99986196377083
75,619,37.5050912224375,438,37.51028368110417,362,37.515396315770836,276,37.52078419577084,371,37.5261415184375,353,37.5313634944375,378,37.536486475770836,232,37.54181852110417,389,37.54697264910417,470,37.55224983310416,419,37.55747601177083,620,37.499837057104166
76,635,38.0050758624375,443,38.0103730144375,360,38.0154506464375,286,38.02081029710417,376,38.02599129977083,346,38.03125379577083,391,38.036409033104164,239,38.041845457104166,413,38.04701482777083,469,38.052328227770836,415,38.05742766777083,621,37.999847395770836
77,618,38.504989395770835,457,38.5102291824375,359,38.515415913104164,278,38.520853203770834,381,38.526110769104164,361,38.53129642510389,392,38.536371731770835,235,38.541768049104164,429,38.54698603310417,476,38.552210681104164,415,38.55735435577083,602,38.4998104064375
78,616,39.0051361904375,472,39.01043198510417,350,39.0156193424375,293,39.020914825104164,396,39.02612277177084,368,39.03134596377083,385,39.036454499770834,254,39.0418601584375,404,39.04706466777083,468,39.05245056910417,420,39.057418929104166,594,38.9998396304375
79,619,39.50502680377083,467,39.5102273904375,353,39.51526356377083,304,39.520726097104166,385,39.525994601104166,367,39.5312073744375,406,39.5363476464375,240,39.54169653443722,415,39.54689600910417,459,39.5521804144375,412,39.55725079310417,603,39.499800939770836
80,632,40.0049995664375,463,40.010190881104165,355,40.0152343824375,292,40.02064896377083,402,40.02592222510417,368,40.031244651770834,391,40.0363529104375,234,40.04182912377083,400,40.0470089824375,443,40.0523042224375,420,40.0573808144375,597,39.9997752304375
81,652,40.50492795577083,463,40.510129201104164,376,40.51522735577083,288,40.520628881104166,396,40.5258489104375,367,40.5311456464375,387,40.53617956110417,236,40.541529489104164,395,40.54673889710417,446,40.552097643770836,423,40.557253819770835,581,40.4997858064375
82,695,41.00504225177083,453,41.01031440110417,344,41.01537508910417,301,41.0207897744375,380,41.02602067577083,357,41.0313297344375,393,41.036390145104164,236,41.04167521177083,435,41.04683902777084,471,41.0521846144375,413,41.0573120064375,626,40.9998103104375
83,665,41.5049957504375,459,41.51033956910417,338,41.515511681104165,279,41.5209482784375,401,41.52615594777083,358,41.53144052910417,386,41.5365021184375,254,41.54184409710417,420,41.546973953104164,460,41.552314123770834,419,41.557490785104164,620,41.49976308110416
84,663,42.00497188910417,448,42.0101964704375,365,42.01533743577083,293,42.02073882510417,404,42.026031009104166,352,42.03125753710417,393,42.0363085344375,239,42.041710961104165,430,42.04691578510417,465,42.0521426544375,436,42.05729542777083,613,41.9997793584375
85,680,42.504966153104164,462,42.510193545104165,370,42.51535270777083,294,42.52084107577083,390,42.52617933710417,360,42.531357595770835,389,42.536465889104164,258,42.5417866864375,427,42.54695393710416,468,42.5522378224375,425,42.55725927577083,613,42.4997495264375
86,662,43.004993931770834,470,43.0101711504375,360,43.015235657104164,294,43.02065065710417,403,43.0258904784375,360,43.03111967577083,381,43.036172483770834,251,43.0414602944375,451,43.046612857104165,484,43.051827785104166,414,43.056974723770836,634,42.9997326864375
87,672,43.50494257177083,456,43.5102216304375,378,43.5154618704375,306,43.52090502777083,414,43.52611818510417,364,43.5313235984375,405,43.536546406437225,257,43.541900779770835,433,43.5469924064375,474,43.552292819770834,428,43.557391563770835,670,43.499759451770835
88,692,44.00494374777083,468,44.010211939770834,367,44.01539655310417,303,44.020833219770836,412,44.02603720910417,372,44.031235987770835,390,44.036358137104166,265,44.041763865104166,442,44.0469037904375,471,44.052158473104164,427,44.05715395310417,629,43.9997069824375
89,679,44.504869331770834,471,44.5100437024375,371,44.5151677264375,306,44.520575155770835,434,44.5258122704375,357,44.53110157177083,383,44.53620701710417,261,44.541613371770836,436,44.5466987824375,498,44.5518977024375,423,44.5571327664375,660,44.49971117710417
90,701,45.0049582144375,489,45.01021567577083,379,45.01529698777083,303,45.020704139770835,399,45.02595764377083,377,45.031225209104164,406,45.0364148224375,263,45.0417697504375,433,45.04702241977083,493,45.05236568377083,432,45.05745963577083,644,44.9997047104375
91,725,45.504954905104164,482,45.51015750510417,369,45.515170971770836,313,45.52056176910417,407,45.52583721710417,367,45.5311734624375,399,45.53631679310417,264,45.5417010624375,424,45.5468719584375,485,45.55210765177083,433,45.55726309710417,652,45.4996901184375
92,722,46.00495635577084,477,46.010193193104165,377,46.0153008944375,304,46.020699713104165,430,46.0259464464375,385,46.03126911577083,416,46.036393971770835,255,46.0417997344375,448,46.0470613984375,480,46.05239014510417,423,46.05741930777056,656,45.99971934510417
93,721,46.504882769104164,496,46.51012936377084,389,46.51522699577083,310,46.520684705104166,423,46.52588383310417,368,46.53122768377084,396,46.53623139310417,265,46.54154545177083,446,46.5467708304375,479,46.55201478510417,424,46.5573288464375,652,46.4996764544375
94,758,47.004917313104166,474,47.010148315770834,368,47.0153292144375,303,47.02081567310417,447,47.0259808064375,370,47.0312035104375,400,47.03628659577083,283,47.04174385177083,445,47.04693860377083,474,47.052314785104166,408,47.057409083770835,645,46.999665339770836
95,745,47.5048941824375,475,47.510155635770836,369,47.5152420544375,319,47.52074597710417,430,47.5259404544375,378,47.5312504144375,392,47.5363327024375,279,47.54172554777083,453,47.54695648110417,469,47.55224081977083,412,47.557391995770836,659,47.49965192910417
96,797,48.00487129710417,484,48.01009330777083,368,48.015226531770836,320,48.02061708377083,425,48.0258822544375,381,48.03119801710417,421,48.036339505104166,282,48.0417774544375,454,48.04688737977083,480,48.05210810510417,422,48.057145737104165,667,47.99968140643722
97,738,48.504957409104165,483,48.5101705984375,372,48.515257225104165,288,48.520847609104166,408,48.5260751744375,370,48.5313046144375,403,48.53636561710417,274,48.541643843770835,462,48.5468349904375,479,48.5521460224375,422,48.557174803770835,670,48.4996598064375
98,783,49.00489401177083,474,49.0101946704375,386,49.01527216377083,313,49.0207250464375,426,49.025962091770836,376,49.031244449104165,399,49.036344339770835,283,49.04162770510417,470,49.046841659770834,467,49.05225627577083,421,49.05732581977083,699,48.99962151577083
99,746,49.504919025104165,475,49.5101547504375,384,49.515224363770834,314,49.5206760304375,421,49.52585168377083,378,49.53115546777083,403,49.53627431577083,285,49.541612369104165,477,49.5468044144375,480,49.5520836464375,416,49.55722885177083,681,49.49965361177083
100,742,50.00485590777083,477,50.0101284064375,369,50.015311699770834,310,50.02069836377083,441,50.025883049104166,362,50.031149121104164,389,50.03623074777083,286,50.0416273424375,489,50.0467453584375,485,50.05207605177083,420,50.057129451770834,702,49.9996000784375
101,783,50.5047619584375,466,50.5099741424375,371,50.5150708384375,314,50.520473059770836,438,50.52567614777083,370,50.53084763577083,393,50.535969747770835,294,50.5412881824375,460,50.5464149824375,484,50.55170706510417,414,50.5567807744375,697,50.4996011984375
102,779,51.004758147770836,473,51.01008154777083,377,51.015223523770835,315,51.0205592144375,447,51.0257825104375,377,51.031044763770836,389,51.0361823984375,290,51.04155684110417,494,51.0467714544375,483,51.05216773977083,411,51.057305025104164,742,50.999587561104164
103,781,51.5048656224375,461,51.5101386064375,371,51.51520853177083,310,51.52056637710417,441,51.525773595770836,374,51.5310878624375,416,51.536254595770835,275,51.541709803770836,499,51.54681569977083,483,51.55214691310417,425,51.55736552110417,681,51.499619515770554
104,765,52.00478649977083,470,52.01000930777055,387,52.01518364377083,318,52.02057680110417,448,52.02578336110417,386,52.03109912110417,415,52.0361873104375,299,52.04167418510416,503,52.0469208144375,491,52.0522751184375,413,52.057318793104166,702,51.9995783424375
105,774,52.50479626510417,472,52.5099956704375,379,52.51511885977083,336,52.52061694777083,444,52.5258878144375,391,52.53108610777083,422,52.53623450510417,296,52.5415488784375,521,52.54675384110417,499,52.552143843770835,413,52.557205707770834,705,52.499555571770834
106,803,53.00475866777084,482,53.010002137104166,377,53.015209321104166,326,53.0206516784375,442,53.0258248704375,372,53.03099153177083,410,53.03607454777083,283,53.04139208110416,518,53.04654992377083,493,53.05192127577083,416,53.05694960377083,708,52.99954842777083
107,787,53.5047250224375,460,53.510043249104164,383,53.515232657104164,323,53.5207126544375,443,53.5259652544375,367,53.5311713984375,422,53.5362477824375,287,53.54150156377084,513,53.546677147770836,504,53.55199061710417,415,53.557213497104165,717,53.499553465104164
108,831,54.00470172910417,466,54.0100098864375,387,54.01513731310417,330,54.02062495310417,460,54.0258471344375,373,54.03120199310417,419,54.036222265104165,304,54.041555491770836,518,54.046789379770836,487,54.0520775344375,432,54.057269649104164,722,53.99952860910417
109,829,54.504742393104166,488,54.51004252910417,383,54.515219643770834,336,54.52059804377083,456,54.52589571577084,372,54.531182969104165,419,54.53621396910417,293,54.5415887584375,534,54.5467849024375,499,54.5521270864375,420,54.5572809024375,727,54.499523681104165
110,826,55.004727987770835,457,55.01007868110417,373,55.015215099770835,342,55.0205908624375,461,55.02584946777083,377,55.0311185264375,424,55.036096369104165,305,55.041517305104165,548,55.04667910510417,508,55.051913163770834,424,55.05702586777083,750,54.999560491770836
111,800,55.50475032110417,466,55.510006811770836,377,55.51510117977083,339,55.52057104110417,449,55.525806593104164,372,55.53102867310417,430,55.53615908377083,295,55.5416045344375,525,55.54681737710417,514,55.5520893184375,427,55.55723146777083,718,55.499505011770836
112,823,56.004697339770836,484,56.0098997664375,384,56.01498295577083,348,56.02041795577083,463,56.025690451770835,382,56.03096145710417,431,56.0360184304375,313,56.0413461344375,535,56.04669613177084,482,56.052112209104166,419,56.05738484377083,739,55.999509115770834
113,842,56.50480029710417,477,56.5100784544375,374,56.515183969104164,331,56.520642265104165,459,56.52577326777083,374,56.53098736110417,423,56.536142459770836,307,56.54151742510417,520,56.54670620377083,499,56.552002801104166,433,56.557078489104164,729,56.49949495310417
114,855,57.004734499770834,470,57.0100435584375,364,57.0151297344375,341,57.02053539310417,449,57.02570830510417,391,57.03096823310417,398,57.036110449104164,315,57.04145579577084,543,57.046725131770835,485,57.0520641584375,413,57.057160643770835,744,56.9995266224375
115,866,57.50477609710417,470,57.510051929104165,371,57.515211473104166,344,57.5206978944375,462,57.52591226510417,382,57.53109024910417,398,57.53613485977083,334,57.5415319424375,512,57.546687771770834,493,57.55199509710417,421,57.5572594304375,740,57.499511241104166
116,872,58.0046689824375,469,58.009950089104166,366,58.0150948064375,339,58.020475635770836,453,58.02566840910416,375,58.030937643770834,396,58.0359971504375,355,58.04134843310417,533,58.0465157904375,495,58.051753841104166,423,58.056780363770834,772,57.9994987424375
117,889,58.5047716144375,477,58.509933865104166,380,58.51505587310417,335,58.520447363770835,479,58.525686771770836,382,58.53084631577083,399,58.53598037177083,339,58.5414245744375,528,58.54658349177083,494,58.551865675770834,413,58.557012163770835,749,58.499475089104166
118,884,59.00462520910417,475,59.0098737824375,378,59.0150588464375,354,59.0204697824375,481,59.025655473104166,385,59.03094390777083,380,59.03608536110416,328,59.041507475770835,512,59.0466291744375,484,59.051961497104166,421,59.0570812144375,751,58.9994491024375
119,875,59.5046268544375,496,59.50990379577083,394,59.5150287904375,353,59.52052090777083,472,59.52573757177083,391,59.530910099770836,384,59.5361471104375,324,59.5414967264375,515,59.546714465104166,491,59.552038907770836,450,59.557147339770836,773,59.4994341504375
120,889,60.004682249104164,472,60.009979675770836,382,60.0151508864375,346,60.02065973977056,493,60.025916299770834,393,60.0311977184375,389,60.036257297104164,335,60.041650523770834,540,60.0467795824375,516,60.051996001104165,424,60.05711127310417,773,59.999431419770836
121,928,60.504590595770836,465,60.50979329710417,395,60.5149063504375,342,60.52034145177083,491,60.52557578777083,387,60.530785643770834,377,60.535860049104166,327,60.54124990777083,522,60.54634250777083,499,60.5516886144375,430,60.556892049104164,763,60.4994478224375
122,895,61.00457893977083,490,61.0099193184375,388,61.01497691577083,342,61.02038201710417,488,61.0256071584375,377,61.0308241984375,392,61.0359334624375,332,61.0413509264375,543,61.046513699770834,487,61.05183525977083,415,61.056903585104166,772,60.99941797177083
123,934,61.50461032910417,457,61.5098434144375,375,61.51491129177084,343,61.52042663577083,503,61.52564840377083,369,61.5309123584375,386,61.536057179770836,317,61.541453635770836,551,61.5466061664375,490,61.55187574510417,408,61.557083763770834,772,61.4993985984375
124,908,62.004644561104165,456,62.00984889710416,375,62.015024345104166,359,62.020384235770834,504,62.02565569177084,386,62.03089968110417,381,62.035964537104164,346,62.04134415310417,570,62.046528177104165,499,62.0518671664375,415,62.0569635504375,764,61.999411406437225
125,935,62.5046107824375,459,62.50991227310416,353,62.515014385104166,359,62.5204892464375,513,62.52579726510417,406,62.53113427577083,377,62.5362579504375,333,62.5416401024375,564,62.54682471577083,504,62.55212613710417,402,62.55714522777083,806,62.4993997104375
126,915,63.0045328784375,465,63.009788985104166,350,63.015049225104164,336,63.020510923770836,494,63.0257092864375,390,63.03099088110417,398,63.0360273664375,334,63.0414594464375,572,63.046676489104165,501,63.0519235344375,436,63.0570775184375,780,62.999372953104164
127,946,63.504600987770836,455,63.5099217104375,348,63.51498892377055,331,63.5203558304375,524,63.5256837424375,394,63.530852483770836,378,63.53590619310417,335,63.5413059104375,566,63.54653083577083,492,63.55184308910417,409,63.55697287577083,785,63.499365577104165
128,926,64.00455142510388,468,64.00986353977083,357,64.01488092910417,344,64.02031082510416,492,64.0255518624375,406,64.03078564377083,389,64.03596501710416,359,64.04132171577083,555,64.04643060110416,479,64.05173649977084,405,64.05694569710417,775,63.999363547770834
129,960,64.50458506777083,479,64.50979541177084,344,64.51494741977083,352,64.52036210777084,498,64.5255973824375,391,64.5308769264375,392,64.5359100464375,351,64.54130358777083,573,64.54649788910416,490,64.55170486510417,411,64.55674117710417,784,64.4993459024375
130,909,65.00460795577084,470,65.00985836910417,334,65.01506499577083,330,65.02036895310417,514,65.0256208944375,400,65.03080637710417,373,65.03597237977084,355,65.04129501710416,535,65.04648938777083,482,65.05179400377084,407,65.0568791744375,786,64.99938538777083
131,954,65.50456137710417,471,65.5099435264375,337,65.5150243904375,345,65.52037497710417,501,65.52566855310417,403,65.53084945177083,386,65.5359462864375,340,65.54129288110417,553,65.54648558777083,480,65.5517821824375,406,65.5569267264375,798,65.49935537177083
132,948,66.00454145710417,469,66.00979690510417,344,66.0150912784375,329,66.02051172910417,490,66.02575328910417,407,66.0309343264375,379,66.0360456064375,353,66.0414759184375,569,66.0465817824375,503,66.05185417710416,399,66.05704188110417,805,65.99932639310417
133,950,66.50454543577084,450,66.50982425177084,352,66.51502126510417,350,66.52049292910417,502,66.5257415024375,409,66.53103639577084,387,66.5360726064375,354,66.54150145977056,561,66.54664749710416,489,66.55192384910417,421,66.5570963104375,807,66.49932700377083
134,943,67.00456135310417,447,67.00979600377083,333,67.01491259577084,344,67.0202993664375,485,67.0255834944375,408,67.03088894510417,382,67.03608460110416,352,67.04150557177083,599,67.0467022704375,514,67.0520632064375,397,67.05728320377084,801,66.99934257177084
135,963,67.50456265177084,470,67.5097248704375,333,67.51475548910416,351,67.52014601177083,510,67.52536378510416,413,67.5305197184375,368,67.5355414144375,351,67.54076016110416,596,67.54596005177083,514,67.5513444624375,406,67.55642192110416,816,67.49933269177083
136,981,68.00455107577083,470,68.0098706224375,341,68.01497280377083,365,68.0203472464375,517,68.0256008544375,401,68.0308480064375,369,68.0359412304375,341,68.0413320624375,585,68.04643882777083,481,68.05167729710416,394,68.05666309177056,829,67.99929319577083
137,975,68.50454359577083,466,68.50978435577083,345,68.5148835184375,348,68.5202711904375,525,68.52553066777084,378,68.53069378777083,381,68.5357409344375,357,68.54107343310416,565,68.54623412377083,494,68.5514627664375,385,68.5565974144375,811,68.4992870704375
138,990,69.00448574777083,449,69.00968678510417,359,69.0147601824375,358,69.0201899024375,512,69.0254851104375,373,69.03075878777084,388,69.0358654144375,359,69.04119457977083,588,69.04640422777084,505,69.05162217710416,391,69.0568291184375,842,68.99928873710417
139,999,69.50444758777083,454,69.50970359310416,366,69.51483497710417,355,69.5202823024375,507,69.5254577504375,372,69.53072424110417,369,69.5357030864375,361,69.54107100377084,586,69.54620992110416,505,69.55151901710417,392,69.55652841977083,830,69.49925443310417
140,965,70.00448209977084,467,70.0096603584375,333,70.01484865177083,364,70.0202673984375,522,70.02545392110417,385,70.03065349710417,370,70.03573304110417,350,70.04102081177084,583,70.0461446944375,495,70.05149080377083,396,70.0566774624375,819,69.99925001977083
