,E57_KO_10uM_cyto3,E57_KO_10uM_cyto3,E57_KO_500uM_cyto3,E57_KO_500uM_cyto3,E57_KO_Control_cyto3,E57_KO_Control_cyto3,E57_KO_DMSO_cyto3,E57_KO_DMSO_cyto3,E57_WT_10uM_cyto3,E57_WT_10uM_cyto3,E57_WT_500uM_cyto3,E57_WT_500uM_cyto3,E57_WT_Control_cyto3,E57_WT_Control_cyto3,E57_WT_DMSO_cyto3,E57_WT_DMSO_cyto3,E58_KO_10uM_cyto3,E58_KO_10uM_cyto3,E58_KO_500uM_cyto3,E58_KO_500uM_cyto3,E58_KO_Control_cyto3,E58_KO_Control_cyto3,E58_KO_DMSO_cyto3,E58_KO_DMSO_cyto3,E58_WT_10uM_cyto3,E58_WT_10uM_cyto3,E58_WT_500uM_cyto3,E58_WT_500uM_cyto3,E58_WT_Control_cyto3,E58_WT_Control_cyto3,E58_WT_DMSO_cyto3,E58_WT_DMSO_cyto3,E59_KO_10uM_cyto3,E59_KO_10uM_cyto3,E59_KO_500uM_cyto3,E59_KO_500uM_cyto3,E59_KO_Control_cyto3,E59_KO_Control_cyto3,E59_KO_DMSO_cyto3,E59_KO_DMSO_cyto3,E59_WT_10uM_cyto3,E59_WT_10uM_cyto3,E59_WT_500uM_cyto3,E59_WT_500uM_cyto3,E59_WT_Control_cyto3,E59_WT_Control_cyto3,E59_WT_DMSO_cyto3,E59_WT_DMSO_cyto3
,counts,time,counts,time,counts,time,counts,time,counts,time,counts,time,counts,time,counts,time,counts,time,counts,time,counts,time,counts,time,counts,time,counts,time,counts,time,counts,time,counts,time,counts,time,counts,time,counts,time,counts,time,counts,time,counts,time,counts,time
0,499,0.0,445,0.0,406,0.0,216,0.0,511,0.0,462,0.0,372,0.0,427,0.0,1186.0,0.0,652.0,0.0,848.0,0.0,757.0,0.0,346.0,0.0,790.0,0.0,405.0,0.0,270.0,0.0,1491.0,0.0,1464.0,0.0,1142.0,0.0,1335.0,0.0,906.0,0.0,834.0,0.0,715.0,0.0,793.0,0.0
1,532,3.0,448,3.0,424,3.0,254,3.0,533,3.0,508,3.0,391,3.0,449,3.0,1237.0,3.0,693.0,3.0,927.0,3.0,764.0,3.0,394.0,3.0,873.0,3.0,469.0,3.0,304.0,3.0,1653.0,3.0,1601.0,3.0,1217.0,3.0,1422.0,3.0,1026.0,3.0,970.0,3.0,773.0,3.0,904.0,3.0
2,576,6.0,460,6.0,448,6.0,237,6.0,558,6.0,533,6.0,423,6.0,461,6.0,1322.0,6.0,765.0,6.0,963.0,6.0,835.0,6.0,432.0,6.0,933.0,6.0,497.0,6.0,329.0,6.0,1702.0,6.0,1617.0,6.0,1250.0,6.0,1465.0,6.0,1083.0,6.0,976.0,6.0,791.0,6.0,958.0,6.0
3,535,9.0,492,9.0,462,9.0,275,9.0,603,9.0,548,9.0,449,9.0,494,9.0,1338.0,9.0,759.0,9.0,1000.0,9.0,918.0,9.0,438.0,9.0,985.0,9.0,542.0,9.0,385.0,9.0,1736.0,9.0,1684.0,9.0,1287.0,9.0,1541.0,9.0,1145.0,9.0,1015.0,9.0,803.0,9.0,986.0,9.0
4,550,12.0,465,12.0,475,12.0,254,12.0,658,12.0,604,12.0,474,12.0,525,12.0,1394.0,12.0,804.0,12.0,999.0,12.0,924.0,12.0,463.0,12.0,1022.0,12.0,561.0,12.0,382.0,12.0,1786.0,12.0,1717.0,12.0,1316.0,12.0,1585.0,12.0,1202.0,12.0,1068.0,12.0,863.0,12.0,1034.0,12.0
5,585,15.0,493,15.0,468,15.0,265,15.0,717,15.0,654,15.0,511,15.0,556,15.0,1466.0,15.0,800.0,15.0,1063.0,15.0,999.0,15.0,491.0,15.0,1109.0,15.0,600.0,15.0,402.0,15.0,1875.0,15.0,1766.0,15.0,1397.0,15.0,1675.0,15.0,1273.0,15.0,1146.0,15.0,948.0,15.0,1088.0,15.0
6,645,18.0,529,18.0,518,18.0,271,18.0,791,18.0,671,18.0,562,18.0,579,18.0,1386.0,18.0,804.0,18.0,1107.0,18.0,981.0,18.0,606.0,18.0,1245.0,18.0,672.0,18.0,460.0,18.0,1987.0,18.0,1909.0,18.0,1480.0,18.0,1749.0,18.0,1337.0,18.0,1225.0,18.0,1013.0,18.0,1151.0,18.0
7,653,21.0,536,21.0,549,21.0,290,21.0,741,21.0,697,21.0,529,21.0,579,21.0,1458.0,21.0,860.0,21.0,1121.0,21.0,1006.0,21.0,618.0,21.0,1290.0,21.0,746.0,21.0,482.0,21.0,1993.0,21.0,1935.0,21.0,1513.0,21.0,1786.0,21.0,1386.0,21.0,1276.0,21.0,1017.0,21.0,1166.0,21.0
8,662,24.0,553,24.0,572,24.0,279,24.0,762,24.0,715,24.0,569,24.0,641,24.0,1530.0,24.0,952.0,24.0,1172.0,24.0,1037.0,24.0,667.0,24.0,1386.0,24.0,750.0,24.0,563.0,24.0,2099.0,24.0,1990.0,24.0,1603.0,24.0,1901.0,24.0,1473.0,24.0,1359.0,24.0,1068.0,24.0,1267.0,24.0
9,696,27.0,610,27.0,596,27.0,276,27.0,832,27.0,767,27.0,644,27.0,654,27.0,1523.0,27.0,953.0,27.0,1243.0,27.0,1117.0,27.0,704.0,27.0,1458.0,27.0,805.0,27.0,580.0,27.0,2151.0,27.0,2039.0,27.0,1666.0,27.0,1983.0,27.0,1548.0,27.0,1367.0,27.0,1105.0,27.0,1344.0,27.0
10,741,30.0,599,30.0,621,30.0,291,30.0,894,30.0,797,30.0,658,30.0,705,30.0,1661.0,30.0,952.0,30.0,1319.0,30.0,1173.0,30.0,752.0,30.0,1467.0,30.0,889.0,30.0,579.0,30.0,2280.0,30.0,2139.0,30.0,1707.0,30.0,2071.0,30.0,1587.0,30.0,1435.0,30.0,1172.0,30.0,1404.0,30.0
11,735,33.0,617,33.0,672,33.0,305,33.0,913,33.0,821,33.0,691,33.0,756,33.0,1797.0,33.0,939.0,33.0,1313.0,33.0,1162.0,33.0,752.0,33.0,1585.0,33.0,905.0,33.0,645.0,33.0,2366.0,33.0,2158.0,33.0,1808.0,33.0,2120.0,33.0,1624.0,33.0,1459.0,33.0,1207.0,33.0,1466.0,33.0
12,789,36.0,610,36.0,672,36.0,289,36.0,978,36.0,847,36.0,774,36.0,796,36.0,1767.0,36.0,972.0,36.0,1407.0,36.0,1252.0,36.0,758.0,36.0,1689.0,36.0,954.0,36.0,685.0,36.0,2449.0,36.0,2244.0,36.0,1921.0,36.0,2213.0,36.0,1774.0,36.0,1517.0,36.0,1327.0,36.0,1592.0,36.0
13,864,39.0,632,39.0,726,39.0,306,39.0,1146,39.0,879,39.0,767,39.0,824,39.0,1880.0,39.0,1034.0,39.0,1461.0,39.0,1279.0,39.0,829.0,39.0,1761.0,39.0,1023.0,39.0,684.0,39.0,2605.0,39.0,2295.0,39.0,2059.0,39.0,2402.0,39.0,1871.0,39.0,1557.0,39.0,1405.0,39.0,1649.0,39.0
14,880,42.0,664,42.0,756,42.0,358,42.0,1230,42.0,890,42.0,823,42.0,886,42.0,1919.0,42.0,1070.0,42.0,1518.0,42.0,1295.0,42.0,936.0,42.0,1803.0,42.0,1061.0,42.0,710.0,42.0,2705.0,42.0,2358.0,42.0,2123.0,42.0,2547.0,42.0,2012.0,42.0,1630.0,42.0,1473.0,42.0,1744.0,42.0
15,890,45.0,681,45.0,777,45.0,329,45.0,1236,45.0,944,45.0,976,45.0,953,45.0,2034.0,45.0,1100.0,45.0,1591.0,45.0,1380.0,45.0,963.0,45.0,1937.0,45.0,1147.0,45.0,767.0,45.0,2850.0,45.0,2447.0,45.0,2236.0,45.0,2714.0,45.0,2110.0,45.0,1676.0,45.0,1595.0,45.0,1853.0,45.0
16,962,48.0,749,48.0,793,48.0,380,48.0,1356,48.0,996,48.0,968,48.0,983,48.0,2136.0,48.0,1111.0,48.0,1651.0,48.0,1497.0,48.0,984.0,48.0,2019.0,48.0,1250.0,48.0,857.0,48.0,2995.0,48.0,2514.0,48.0,2333.0,48.0,2833.0,48.0,2202.0,48.0,1698.0,48.0,1682.0,48.0,1997.0,48.0
17,977,51.0,762,51.0,845,51.0,401,51.0,1414,51.0,997,51.0,990,51.0,1079,51.0,2230.0,51.0,1148.0,51.0,1653.0,51.0,1595.0,51.0,1023.0,51.0,2109.0,51.0,1296.0,51.0,862.0,51.0,3160.0,51.0,2624.0,51.0,2454.0,51.0,2991.0,51.0,2345.0,51.0,1798.0,51.0,1795.0,51.0,2141.0,51.0
18,1012,54.0,808,54.0,849,54.0,433,54.0,1408,54.0,1076,54.0,1076,54.0,1146,54.0,2310.0,54.0,1173.0,54.0,1822.0,54.0,1615.0,54.0,1108.0,54.0,2185.0,54.0,1412.0,54.0,953.0,54.0,3325.0,54.0,2727.0,54.0,2562.0,54.0,3144.0,54.0,2415.0,54.0,1863.0,54.0,1922.0,54.0,2277.0,54.0
19,1010,57.0,795,57.0,946,57.0,420,57.0,1523,57.0,1185,57.0,1194,57.0,1199,57.0,2402.0,57.0,1221.0,57.0,1883.0,57.0,1690.0,57.0,1120.0,57.0,2250.0,57.0,1538.0,57.0,1029.0,57.0,3442.0,57.0,2798.0,57.0,2709.0,57.0,3311.0,57.0,2598.0,57.0,1907.0,57.0,2111.0,57.0,2399.0,57.0
20,1108,60.0,918,60.0,964,60.0,420,60.0,1514,60.0,1186,60.0,1266,60.0,1251,60.0,2504.0,60.0,1234.0,60.0,1978.0,60.0,1776.0,60.0,1137.0,60.0,2430.0,60.0,1598.0,60.0,1100.0,60.0,3559.0,60.0,2923.0,60.0,2777.0,60.0,3415.0,60.0,2668.0,60.0,2016.0,60.0,2205.0,60.0,2566.0,60.0
21,1156,63.0,884,63.0,988,63.0,421,63.0,1572,63.0,1191,63.0,1313,63.0,1380,63.0,2540.0,63.0,1334.0,63.0,1998.0,63.0,1844.0,63.0,1214.0,63.0,2516.0,63.0,1741.0,63.0,1154.0,63.0,3715.0,63.0,2960.0,63.0,2987.0,63.0,3629.0,63.0,2759.0,63.0,2035.0,63.0,2311.0,63.0,2737.0,63.0
22,1183,66.0,923,66.0,1111,66.0,441,66.0,1702,66.0,1263,66.0,1452,66.0,1448,66.0,2640.0,66.0,1405.0,66.0,2135.0,66.0,1880.0,66.0,1281.0,66.0,2571.0,66.0,1844.0,66.0,1240.0,66.0,3818.0,66.0,3114.0,66.0,3116.0,66.0,3873.0,66.0,2848.0,66.0,2122.0,66.0,2499.0,66.0,2901.0,66.0
23,1237,69.0,1009,69.0,1115,69.0,464,69.0,1743,69.0,1284,69.0,1575,69.0,1542,69.0,2708.0,69.0,1370.0,69.0,2221.0,69.0,1982.0,69.0,1401.0,69.0,2756.0,69.0,2003.0,69.0,1322.0,69.0,3884.0,69.0,3210.0,69.0,3265.0,69.0,4016.0,69.0,2905.0,69.0,2190.0,69.0,2691.0,69.0,3122.0,69.0
24,1265,72.0,982,72.0,1145,72.0,478,72.0,1844,72.0,1417,72.0,1651,72.0,1625,72.0,2783.0,72.0,1374.0,72.0,2361.0,72.0,2028.0,72.0,1446.0,72.0,2781.0,72.0,2194.0,72.0,1386.0,72.0,4068.0,72.0,3312.0,72.0,3421.0,72.0,4202.0,72.0,3052.0,72.0,2264.0,72.0,2891.0,72.0,3324.0,72.0
25,1338,75.0,1141,75.0,1185,75.0,510,75.0,1925,75.0,1366,75.0,1705,75.0,1780,75.0,2905.0,75.0,1344.0,75.0,2504.0,75.0,2128.0,75.0,1621.0,75.0,2904.0,75.0,2297.0,75.0,1523.0,75.0,4194.0,75.0,3393.0,75.0,3552.0,75.0,4490.0,75.0,3137.0,75.0,2317.0,75.0,3051.0,75.0,3555.0,75.0
26,1411,78.0,1146,78.0,1237,78.0,538,78.0,2070,78.0,1424,78.0,1903,78.0,1867,78.0,2885.0,78.0,1495.0,78.0,2601.0,78.0,2174.0,78.0,1593.0,78.0,2980.0,78.0,2497.0,78.0,1671.0,78.0,4344.0,78.0,3484.0,78.0,3866.0,78.0,4654.0,78.0,3243.0,78.0,2361.0,78.0,3262.0,78.0,3779.0,78.0
27,1434,81.0,1237,81.0,1341,81.0,553,81.0,2116,81.0,1494,81.0,1988,81.0,1967,81.0,3057.0,81.0,1399.0,81.0,2705.0,81.0,2280.0,81.0,1727.0,81.0,3171.0,81.0,2620.0,81.0,1779.0,81.0,4474.0,81.0,3586.0,81.0,4075.0,81.0,4898.0,81.0,3412.0,81.0,2439.0,81.0,3482.0,81.0,4014.0,81.0
28,1453,84.0,1332,84.0,1369,84.0,624,84.0,2185,84.0,1551,84.0,2170,84.0,2101,84.0,3178.0,84.0,1553.0,84.0,2887.0,84.0,2408.0,84.0,1782.0,84.0,3224.0,84.0,2725.0,84.0,1899.0,84.0,4640.0,84.0,3722.0,84.0,4232.0,84.0,5065.0,84.0,3466.0,84.0,2484.0,84.0,3752.0,84.0,4269.0,84.0
29,1506,87.0,1215,87.0,1406,87.0,587,87.0,2381,87.0,1546,87.0,2357,87.0,2234,87.0,3365.0,87.0,1577.0,87.0,2869.0,87.0,2516.0,87.0,1807.0,87.0,3324.0,87.0,3033.0,87.0,2008.0,87.0,4799.0,87.0,3823.0,87.0,4545.0,87.0,5308.0,87.0,3665.0,87.0,2584.0,87.0,4043.0,87.0,4673.0,87.0
30,1532,90.0,1238,90.0,1486,90.0,639,90.0,2558,90.0,1618,90.0,2497,90.0,2372,90.0,3283.0,90.0,1561.0,90.0,3062.0,90.0,2558.0,90.0,1979.0,90.0,3470.0,90.0,3357.0,90.0,2116.0,90.0,4980.0,90.0,3917.0,90.0,4712.0,90.0,5538.0,90.0,3888.0,90.0,2653.0,90.0,4281.0,90.0,4850.0,90.0
31,1618,93.0,1346,93.0,1638,93.0,632,93.0,2595,93.0,1728,93.0,2597,93.0,2549,93.0,3436.0,93.0,1600.0,93.0,3224.0,93.0,2600.0,93.0,2038.0,93.0,3530.0,93.0,3666.0,93.0,2278.0,93.0,5061.0,93.0,3995.0,93.0,4891.0,93.0,5702.0,93.0,3958.0,93.0,2788.0,93.0,4431.0,93.0,5181.0,93.0
32,1723,96.0,1393,96.0,1740,96.0,687,96.0,2749,96.0,1813,96.0,2744,96.0,2644,96.0,3601.0,96.0,1710.0,96.0,3352.0,96.0,2790.0,96.0,2203.0,96.0,3641.0,96.0,3797.0,96.0,2398.0,96.0,5165.0,96.0,4078.0,96.0,5140.0,96.0,6062.0,96.0,4102.0,96.0,2875.0,96.0,4779.0,96.0,5626.0,96.0
33,1709,99.0,1422,99.0,1751,99.0,694,99.0,2912,99.0,1754,99.0,2936,99.0,2811,99.0,3714.0,99.0,1648.0,99.0,3566.0,99.0,2847.0,99.0,2307.0,99.0,3721.0,99.0,4012.0,99.0,2668.0,99.0,5380.0,99.0,4151.0,99.0,5470.0,99.0,6285.0,99.0,4208.0,99.0,2921.0,99.0,5144.0,99.0,6023.0,99.0
34,1713,102.0,1357,102.0,1832,102.0,677,102.0,3112,102.0,1775,102.0,3225,102.0,3000,102.0,3817.0,102.0,1781.0,102.0,3567.0,102.0,2931.0,102.0,2380.0,102.0,3817.0,102.0,4327.0,102.0,2893.0,102.0,5502.0,102.0,4304.0,102.0,5672.0,102.0,6540.0,102.0,4398.0,102.0,2952.0,102.0,5519.0,102.0,6314.0,102.0
35,1889,105.0,1398,105.0,1932,105.0,707,105.0,3165,105.0,1760,105.0,3438,105.0,3250,105.0,3942.0,105.0,1835.0,105.0,3799.0,105.0,3126.0,105.0,2498.0,105.0,3934.0,105.0,4724.0,105.0,2997.0,105.0,5691.0,105.0,4353.0,105.0,6076.0,105.0,6865.0,105.0,4562.0,105.0,3057.0,105.0,5797.0,105.0,6677.0,105.0
36,1837,108.0,1544,108.0,2030,108.0,735,108.0,3429,108.0,1997,108.0,3619,108.0,3378,108.0,3970.0,108.0,1919.0,108.0,3956.0,108.0,3112.0,108.0,2686.0,108.0,3977.0,108.0,5156.0,108.0,3124.0,108.0,5932.0,108.0,4345.0,108.0,6240.0,108.0,7016.0,108.0,4754.0,108.0,3112.0,108.0,6182.0,108.0,7087.0,108.0
37,1895,111.0,1643,111.0,2213,111.0,744,111.0,3478,111.0,1894,111.0,3859,111.0,3593,111.0,4130.0,111.0,1797.0,111.0,4128.0,111.0,3272.0,111.0,2750.0,111.0,4032.0,111.0,5521.0,111.0,3373.0,111.0,6120.0,111.0,4426.0,111.0,6545.0,111.0,7474.0,111.0,4884.0,111.0,3116.0,111.0,6715.0,111.0,7596.0,111.0
38,2000,114.0,1582,114.0,2301,114.0,804,114.0,3769,114.0,1898,114.0,4221,114.0,3775,114.0,4240.0,114.0,1877.0,114.0,4387.0,114.0,3280.0,114.0,2859.0,114.0,4137.0,114.0,5958.0,114.0,3718.0,114.0,6420.0,114.0,4587.0,114.0,6903.0,114.0,7796.0,114.0,5163.0,114.0,3176.0,114.0,7124.0,114.0,7946.0,114.0
39,2054,117.0,1648,117.0,2494,117.0,868,117.0,3823,117.0,1988,117.0,4481,117.0,4125,117.0,4361.0,117.0,1826.0,117.0,4633.0,117.0,3401.0,117.0,2994.0,117.0,4238.0,117.0,6524.0,117.0,3740.0,117.0,6565.0,117.0,4717.0,117.0,7220.0,117.0,8184.0,117.0,5391.0,117.0,3210.0,117.0,7594.0,117.0,8490.0,117.0
40,2067,120.0,1849,120.0,2520,120.0,796,120.0,3970,120.0,2044,120.0,4918,120.0,4332,120.0,4446.0,120.0,1889.0,120.0,4704.0,120.0,3503.0,120.0,3112.0,120.0,4209.0,120.0,6920.0,120.0,4149.0,120.0,6757.0,120.0,4678.0,120.0,7547.0,120.0,8344.0,120.0,5513.0,120.0,3232.0,120.0,8047.0,120.0,9024.0,120.0
41,2159,123.0,1802,123.0,2683,123.0,868,123.0,4115,123.0,2132,123.0,5341,123.0,4645,123.0,4514.0,123.0,1941.0,123.0,5015.0,123.0,3572.0,123.0,3333.0,123.0,4317.0,123.0,7394.0,123.0,4439.0,123.0,6879.0,123.0,4824.0,123.0,8054.0,123.0,8663.0,123.0,5785.0,123.0,3279.0,123.0,8709.0,123.0,9661.0,123.0
42,2133,126.0,1773,126.0,2678,126.0,885,126.0,4233,126.0,2166,126.0,5627,126.0,4891,126.0,4697.0,126.0,2147.0,126.0,5193.0,126.0,3779.0,126.0,3485.0,126.0,4313.0,126.0,8078.0,126.0,4758.0,126.0,7125.0,126.0,4952.0,126.0,8547.0,126.0,9039.0,126.0,5894.0,126.0,3260.0,126.0,9312.0,126.0,10311.0,126.0
43,2209,129.0,1825,129.0,2869,129.0,896,129.0,4625,129.0,2111,129.0,6095,129.0,5080,129.0,4824.0,129.0,2251.0,129.0,5580.0,129.0,3914.0,129.0,3643.0,129.0,4326.0,129.0,8746.0,129.0,5027.0,129.0,7280.0,129.0,4906.0,129.0,8866.0,129.0,9317.0,129.0,5907.0,129.0,3295.0,129.0,9907.0,129.0,10745.0,129.0
44,2307,132.0,1793,132.0,2954,132.0,937,132.0,4699,132.0,2034,132.0,6454,132.0,5423,132.0,4910.0,132.0,2088.0,132.0,5772.0,132.0,3954.0,132.0,3708.0,132.0,4403.0,132.0,9737.0,132.0,5365.0,132.0,7568.0,132.0,4972.0,132.0,9431.0,132.0,9657.0,132.0,6189.0,132.0,3402.0,132.0,10627.0,132.0,11375.0,132.0
45,2441,135.0,1751,135.0,3043,135.0,925,135.0,4931,135.0,2162,135.0,6822,135.0,5723,135.0,5038.0,135.0,2205.0,135.0,5952.0,135.0,4101.0,135.0,3974.0,135.0,4544.0,135.0,10174.0,135.0,5588.0,135.0,7620.0,135.0,4964.0,135.0,9963.0,135.0,10057.0,135.0,6277.0,135.0,3380.0,135.0,11354.0,135.0,11891.0,135.0
46,2381,138.0,1716,138.0,3378,138.0,980,138.0,5124,138.0,2287,138.0,7350,138.0,6072,138.0,5222.0,138.0,2074.0,138.0,6320.0,138.0,4246.0,138.0,4068.0,138.0,4508.0,138.0,10929.0,138.0,5923.0,138.0,7926.0,138.0,5146.0,138.0,10132.0,138.0,10473.0,138.0,6423.0,138.0,3488.0,138.0,12017.0,138.0,12590.0,138.0
47,2500,141.0,1741,141.0,3485,141.0,923,141.0,5263,141.0,2190,141.0,7932,141.0,6492,141.0,5255.0,141.0,2211.0,141.0,6625.0,141.0,4374.0,141.0,4274.0,141.0,4586.0,141.0,11657.0,141.0,6381.0,141.0,8054.0,141.0,5175.0,141.0,10797.0,141.0,10720.0,141.0,6692.0,141.0,3620.0,141.0,12602.0,141.0,13395.0,141.0
48,2549,144.0,1753,144.0,3700,144.0,945,144.0,5539,144.0,2204,144.0,8459,144.0,6889,144.0,5462.0,144.0,2264.0,144.0,6919.0,144.0,4525.0,144.0,4348.0,144.0,4578.0,144.0,12535.0,144.0,6776.0,144.0,8219.0,144.0,5332.0,144.0,11254.0,144.0,11192.0,144.0,6747.0,144.0,3588.0,144.0,13317.0,144.0,14155.0,144.0
49,2681,147.0,1839,147.0,3854,147.0,969,147.0,5712,147.0,2271,147.0,9147,147.0,7322,147.0,5888.0,147.0,2369.0,147.0,7209.0,147.0,4710.0,147.0,4700.0,147.0,4540.0,147.0,13666.0,147.0,7198.0,147.0,8456.0,147.0,5339.0,147.0,11721.0,147.0,11654.0,147.0,6961.0,147.0,3732.0,147.0,14136.0,147.0,14786.0,147.0
50,2673,150.0,1814,150.0,3998,150.0,986,150.0,5830,150.0,2396,150.0,9767,150.0,7686,150.0,5823.0,150.0,2420.0,150.0,7447.0,150.0,4788.0,150.0,4844.0,150.0,4579.0,150.0,14424.0,150.0,7757.0,150.0,8555.0,150.0,5398.0,150.0,12494.0,150.0,11951.0,150.0,7098.0,150.0,3688.0,150.0,14863.0,150.0,15446.0,150.0
51,2775,153.0,1905,153.0,4075,153.0,1017,153.0,6172,153.0,2281,153.0,10348,153.0,8047,153.0,5742.0,153.0,2321.0,153.0,7798.0,153.0,4982.0,153.0,5123.0,153.0,4619.0,153.0,15162.0,153.0,8157.0,153.0,8716.0,153.0,5443.0,153.0,13031.0,153.0,12341.0,153.0,7277.0,153.0,3715.0,153.0,15719.0,153.0,16537.0,153.0
52,2840,156.0,1857,156.0,4260,156.0,1028,156.0,6373,156.0,2413,156.0,11265,156.0,8309,156.0,6043.0,156.0,2533.0,156.0,8077.0,156.0,4979.0,156.0,5349.0,156.0,4720.0,156.0,15634.0,156.0,8555.0,156.0,8927.0,156.0,5526.0,156.0,13620.0,156.0,12861.0,156.0,7439.0,156.0,3661.0,156.0,16740.0,156.0,17098.0,156.0
53,2944,159.0,1837,159.0,4468,159.0,1075,159.0,6745,159.0,2355,159.0,12116,159.0,8859,159.0,6068.0,159.0,2494.0,159.0,8392.0,159.0,5048.0,159.0,5467.0,159.0,4683.0,159.0,16384.0,159.0,9325.0,159.0,8928.0,159.0,5646.0,159.0,14441.0,159.0,13260.0,159.0,7597.0,159.0,3806.0,159.0,17516.0,159.0,17917.0,159.0
54,3023,162.0,2019,162.0,4827,162.0,1196,162.0,6942,162.0,2536,162.0,12871,162.0,9529,162.0,6482.0,162.0,2434.0,162.0,8772.0,162.0,5325.0,162.0,5633.0,162.0,4762.0,162.0,16991.0,162.0,9908.0,162.0,9312.0,162.0,5492.0,162.0,15077.0,162.0,13731.0,162.0,7787.0,162.0,3773.0,162.0,18552.0,162.0,18746.0,162.0
55,3004,165.0,2149,165.0,5058,165.0,1160,165.0,7057,165.0,2413,165.0,13474,165.0,9929,165.0,6564.0,165.0,2574.0,165.0,9050.0,165.0,5479.0,165.0,5872.0,165.0,4735.0,165.0,17753.0,165.0,10579.0,165.0,9421.0,165.0,5637.0,165.0,15760.0,165.0,14169.0,165.0,8035.0,165.0,3717.0,165.0,19221.0,165.0,19358.0,165.0
