step,DMSO,TMZ10,TMZ500
0,497.0,587.0,695.0
1,504.25,595.0,703.25
2,511.0,602.25,712.75
3,517.0,609.75,719.0
4,524.5,615.75,726.0
5,530.0,622.0,732.5
6,536.75,630.5,740.5
7,542.75,637.75,748.75
8,549.0,643.75,757.0
9,555.25,651.5,768.0
10,561.75,659.25,777.25
11,567.5,668.75,786.75
12,572.5,677.5,793.25
13,578.5,686.25,802.75
14,584.25,693.5,810.25
15,590.0,698.75,821.5
16,595.25,707.0,831.25
17,600.0,716.25,839.25
18,605.0,725.25,849.0
19,611.75,732.25,857.75
20,619.75,740.5,866.75
21,628.0,749.0,876.5
22,636.75,755.25,883.5
23,643.25,763.5,893.5
24,650.5,770.0,903.5
25,657.5,777.25,913.75
26,665.25,787.25,924.0
27,671.75,795.75,935.75
28,678.0,804.75,946.25
29,685.5,812.5,956.75
30,692.0,823.0,967.25
31,698.25,831.0,978.5
32,707.0,840.0,988.75
33,714.75,850.25,1000.0
34,723.75,862.5,1010.0
35,730.5,869.75,1022.5
36,738.25,879.0,1033.75
37,745.0,888.0,1043.25
38,754.75,898.5,1052.5
39,761.25,906.5,1064.25
40,769.25,915.5,1078.25
41,776.75,924.0,1090.75
42,784.0,936.75,1098.5
43,793.25,943.0,1109.75
44,802.5,951.25,1120.0
45,811.0,962.5,1132.75
46,819.0,971.75,1143.5
47,829.75,980.75,1155.75
48,839.0,991.0,1165.0
49,848.5,998.5,1174.5
50,857.25,1008.25,1186.75
51,868.5,1016.5,1195.0
52,877.25,1027.25,1208.0
53,884.5,1037.75,1223.25
54,890.75,1047.25,1235.75
55,898.75,1057.25,1247.5
56,906.75,1070.0,1258.0
57,918.5,1078.0,1271.5
58,926.5,1089.25,1283.75
59,934.5,1099.75,1295.75
60,944.75,1109.25,1306.25
61,955.75,1119.75,1319.5
62,963.75,1129.5,1334.25
63,970.25,1139.75,1348.0
64,979.0,1148.0,1354.75
65,985.5,1157.25,1361.0
66,1001.25,1170.0,1370.0
67,1015.25,1180.25,1379.75
68,1028.0,1189.75,1388.25
69,1041.5,1198.25,1394.5
70,1054.5,1208.0,1401.25
71,1066.75,1215.5,1408.0
72,1079.5,1226.75,1415.25
73,1091.75,1236.75,1421.5
74,1104.25,1245.5,1430.5
75,1117.0,1254.75,1439.75
76,1129.25,1267.0,1448.75
77,1140.0,1278.25,1457.5
78,1151.0,1290.75,1465.25
79,1162.75,1302.75,1473.75
80,1174.25,1311.0,1482.25
81,1185.25,1320.25,1491.75
82,1195.25,1331.5,1502.0
83,1205.0,1346.0,1509.5
84,1216.75,1356.75,1518.0
85,1231.5,1367.25,1527.0
86,1247.75,1378.75,1534.25
87,1264.75,1387.75,1542.25
88,1280.0,1398.5,1552.0
89,1293.75,1408.75,1561.5
90,1308.0,1419.75,1572.75
91,1322.75,1431.75,1583.25
92,1337.0,1445.75,1595.25
93,1349.75,1458.0,1605.5
94,1363.5,1470.0,1617.0
95,1377.5,1482.5,1628.75
96,1390.25,1495.75,1640.25
97,1405.25,1508.25,1652.5
98,1421.75,1522.5,1664.5
99,1438.5,1538.75,1675.0
100,1454.25,1552.25,1685.5
101,1468.75,1564.75,1697.75
102,1483.25,1578.5,1707.75
103,1499.75,1594.0,1716.75
104,1516.0,1606.75,1728.25
105,1530.5,1619.0,1740.0
106,1546.0,1630.0,1753.25
107,1560.75,1644.25,1763.5
108,1577.25,1657.5,1772.25
109,1595.75,1668.0,1782.5
110,1613.5,1681.5,1792.75
111,1630.0,1697.0,1802.0
112,1648.75,1710.25,1814.0
113,1668.75,1722.0,1825.5
114,1687.5,1736.25,1836.5
115,1705.75,1749.0,1847.0
116,1725.75,1761.75,1858.0
117,1745.75,1775.75,1868.75
118,1761.75,1789.5,1882.25
119,1775.25,1805.0,1897.5
120,1789.5,1817.75,1911.25
121,1805.5,1834.5,1921.0
122,1825.25,1848.5,1934.25
123,1845.0,1862.25,1945.5
124,1861.0,1878.75,1957.0
125,1879.25,1894.5,1968.0
126,1900.5,1909.0,1978.5
127,1919.5,1924.75,1992.25
128,1934.0,1938.75,2007.25
129,1949.25,1951.25,2016.5
130,1964.5,1963.25,2023.25
131,1986.75,1979.75,2031.5
132,2016.5,1995.5,2041.75
133,2043.25,2009.0,2049.5
134,2069.5,2024.75,2056.75
135,2096.0,2037.75,2062.0
136,2121.25,2049.25,2068.5
137,2146.25,2062.25,2076.0
138,2171.25,2078.0,2082.5
139,2196.0,2090.75,2088.0
140,2221.25,2104.75,2097.75
141,2246.25,2120.0,2106.25
142,2269.25,2137.25,2116.5
143,2291.0,2153.0,2125.25
144,2313.75,2171.25,2133.75
145,2337.0,2185.75,2143.0
146,2359.5,2196.0,2151.5
147,2380.5,2210.5,2159.5
148,2400.25,2228.0,2171.25
149,2421.75,2246.75,2177.75
150,2448.25,2261.0,2185.5
151,2479.25,2277.75,2193.25
152,2512.5,2292.75,2201.0
153,2544.75,2305.75,2209.75
154,2573.75,2322.5,2220.0
155,2601.75,2337.5,2230.25
156,2630.75,2354.0,2240.5
157,2659.75,2372.0,2252.5
158,2686.75,2390.25,2261.5
159,2713.25,2408.75,2272.5
160,2741.0,2426.0,2283.5
161,2767.75,2443.75,2294.0
162,2795.5,2463.75,2306.75
163,2827.0,2483.75,2321.25
164,2860.25,2506.5,2330.0
165,2892.75,2528.75,2340.75
166,2923.0,2546.5,2351.5
167,2952.0,2565.25,2362.0
168,2983.0,2587.25,2371.25
169,3015.75,2608.75,2381.75
170,3046.5,2626.75,2391.5
171,3076.5,2641.0,2404.25
172,3106.75,2659.5,2416.5
173,3138.0,2678.25,2425.75
174,3173.0,2695.0,2434.25
175,3209.25,2711.0,2444.75
176,3243.5,2732.75,2456.0
177,3278.75,2751.75,2464.0
178,3317.5,2771.5,2474.0
179,3356.25,2788.5,2486.5
180,3393.25,2807.0,2497.25
181,3431.5,2825.0,2507.0
182,3471.5,2843.75,2518.5
183,3507.5,2862.5,2531.5
184,3537.0,2882.0,2543.0
185,3564.75,2902.5,2555.25
186,3595.0,2922.5,2567.0
187,3630.75,2945.25,2575.5
188,3670.25,2967.0,2585.75
189,3706.0,2988.0,2596.75
190,3740.25,3010.5,2606.5
191,3779.75,3034.0,2618.25
192,3820.0,3059.0,2631.0
193,3853.5,3077.0,2644.5
194,3883.25,3096.5,2657.25
195,3913.75,3114.75,2664.25
196,3951.25,3136.0,2671.25
197,4003.25,3158.5,2681.25
198,4059.75,3181.5,2690.0
199,4112.75,3202.5,2696.5
200,4165.5,3223.5,2701.5
201,4217.25,3243.0,2708.0
202,4267.5,3261.75,2714.0
203,4317.5,3280.75,2721.5
204,4367.25,3300.5,2726.5
205,4417.25,3319.75,2733.0
206,4467.5,3339.5,2740.75
207,4515.5,3363.5,2749.0
208,4560.25,3387.0,2757.25
209,4604.75,3411.25,2766.0
210,4650.75,3434.5,2776.5
211,4696.5,3453.25,2785.0
212,4740.0,3470.25,2793.25
213,4780.75,3493.5,2801.75
214,4822.0,3519.25,2811.25
215,4870.0,3545.25,2819.75
216,4927.5,3565.0,2827.25
217,4991.75,3586.75,2836.25
218,5057.25,3608.0,2844.5
219,5118.5,3629.75,2852.25
220,5175.5,3652.25,2862.25
221,5232.5,3676.0,2873.0
222,5290.5,3702.0,2883.0
223,5346.5,3727.0,2893.75
224,5400.0,3752.75,2902.75
225,5454.25,3778.0,2912.5
226,5508.75,3802.25,2922.75
227,5563.25,3829.0,2935.0
228,5622.5,3857.5,2946.0
229,5687.25,3885.75,2957.75
230,5753.0,3912.75,2968.0
231,5815.75,3941.75,2977.25
232,5875.0,3967.5,2986.5
233,5935.0,3997.0,2994.25
234,5998.75,4027.25,3004.5
235,6062.25,4052.25,3013.5
236,6123.0,4075.0,3024.25
237,6183.25,4096.75,3036.5
238,6244.75,4124.25,3046.75
239,6311.0,4149.75,3056.75
240,6382.25,4173.5,3067.0
241,6452.75,4201.5,3077.5
242,6522.25,4231.75,3087.75
243,6596.25,4261.75,3096.0
244,6673.75,4288.5,3107.25
245,6749.5,4313.75,3116.75
246,6824.75,4341.0,3125.5
247,6903.0,4366.25,3135.0
248,6979.0,4392.0,3147.75
249,7044.5,4420.5,3157.0
250,7101.75,4450.0,3167.75
251,7159.75,4479.0,3178.75
252,7225.75,4509.0,3188.25
253,7301.0,4540.25,3197.0
254,7376.25,4570.25,3206.25
255,7446.25,4599.0,3215.5
256,7520.0,4634.5,3225.75
257,7599.75,4668.0,3237.5
258,7673.5,4698.5,3251.0
259,7736.75,4726.0,3264.25
260,7797.0,4751.75,3272.75
261,7865.0,4779.5,3280.25
262,7954.5,4809.75,3287.75
263,8063.0,4841.25,3298.0
264,8172.5,4870.25,3306.0
265,8278.25,4898.25,3312.5
266,8382.75,4927.0,3317.0
267,8484.75,4952.25,3322.25
268,8585.0,4980.0,3329.25
269,8684.75,5009.25,3334.25
270,8784.5,5037.25,3340.0
271,8884.75,5064.25,3346.75
272,8983.0,5094.75,3353.75
273,9075.75,5126.0,3363.0
274,9165.0,5158.0,3370.5
275,9255.5,5190.25,3380.75
276,9347.25,5219.75,3391.0
277,9436.5,5245.75,3398.75
278,9520.75,5275.75,3406.5
279,9602.75,5308.25,3415.0
280,9692.0,5343.5,3420.5
281,9797.5,5374.25,3429.75
282,9919.25,5402.5,3439.0
283,10049.0,5432.5,3448.5
284,10175.75,5462.75,3457.0
285,10294.0,5495.0,3466.25
286,10408.0,5529.0,3476.5
287,10523.0,5567.0,3485.5
288,10637.0,5603.25,3495.75
289,10746.5,5636.5,3504.75
290,10854.25,5672.0,3514.75
291,10963.0,5709.25,3524.75
292,11072.0,5743.5,3535.75
293,11185.75,5784.0,3548.25
294,11309.75,5824.5,3558.75
295,11440.25,5866.25,3570.25
296,11568.75,5907.25,3579.25
297,11690.75,5946.25,3588.5
298,11810.0,5988.0,3597.0
299,11933.75,6030.25,3606.5
300,12061.0,6070.25,3617.75
301,12185.25,6102.75,3625.25
302,12306.25,6132.5,3636.0
303,12428.0,6167.0,3647.5
304,12555.75,6202.25,3656.0
305,12693.25,6235.25,3666.0
306,12835.0,6273.0,3676.5
307,12975.0,6313.75,3688.25
308,13118.5,6356.25,3698.25
309,13270.0,6395.0,3707.25
310,13423.25,6433.0,3718.0
311,13574.25,6469.0,3725.5
312,13727.75,6507.75,3733.5
313,13882.0,6543.75,3744.75
314,14023.5,6583.25,3755.25
315,14146.25,6623.5,3763.75
316,14261.5,6667.75,3773.75
317,14385.5,6707.5,3785.5
318,14526.75,6750.75,3794.0
319,14677.25,6794.75,3802.25
